Nb,Ta,V,Cr,Mo,Ti,W,density,V_avgr,Tm_avg_K,active_system,YS_1300C_MPa,dist_to_target
0.1,0.15,0.25,0.1,0.1,0.2,0.1,9.4572,0.3275,2579.55,Nb-Ta-V-Cr-Mo-Ti-W,468.0064462056324,0.17795130420052185
0.1,0.15,0.25,0.1,0.2,0.15,0.05,9.2974,0.3285,2587.35,Nb-Ta-V-Cr-Mo-Ti-W,523.272660365696,0.19148542155126763
0.1,0.15,0.3,0.05,0.1,0.2,0.1,9.4052,0.3355,2579.7,Nb-Ta-V-Cr-Mo-Ti-W,388.1684764179997,0.18708286933869708
0.1,0.15,0.3,0.05,0.2,0.15,0.05,9.2454,0.3365,2587.5,Nb-Ta-V-Cr-Mo-Ti-W,436.7428060354608,0.2
0.1,0.15,0.3,0.1,0.2,0.1,0.05,9.3776,0.331,2599.45,Nb-Ta-V-Cr-Mo-Ti-W,562.054548276821,0.2
0.1,0.15,0.35,0.05,0.1,0.15,0.1,9.485400000000002,0.338,2591.8,Nb-Ta-V-Cr-Mo-Ti-W,427.7007850673489,0.19578900207451216
0.1,0.2,0.25,0.05,0.15,0.2,0.05,9.4857,0.3355,2595.1000000000004,Nb-Ta-V-Cr-Mo-Ti-W,375.58473198606526,0.17320508075688776
0.1,0.2,0.3,0.0,0.15,0.2,0.05,9.4337,0.3435,2595.25,Nb-Ta-V-Mo-Ti-W,296.29053292468967,0.19578900207451216
0.1,0.2,0.35,0.1,0.1,0.1,0.05,9.4896,0.3355,2583.5,Nb-Ta-V-Cr-Mo-Ti-W,501.9924323432611,0.19148542155126763
0.1,0.25,0.2,0.1,0.15,0.2,0.0,9.4097,0.3305,2574.7,Nb-Ta-V-Cr-Mo-Ti,410.474760367162,0.2
0.1,0.25,0.25,0.05,0.15,0.2,0.0,9.3577,0.3385,2574.8500000000004,Nb-Ta-V-Cr-Mo-Ti,335.1803165787202,0.1957890020745122
0.1,0.25,0.25,0.1,0.15,0.15,0.0,9.4899,0.3329999999999999,2586.8,Nb-Ta-V-Cr-Mo-Ti,459.44221839168864,0.18257418583505536
0.1,0.25,0.3,0.05,0.15,0.15,0.0,9.4379,0.341,2586.95,Nb-Ta-V-Cr-Mo-Ti,382.2565461963957,0.19148542155126763
0.15,0.1,0.2,0.05,0.2,0.2,0.1,9.4162,0.3325,2624.0,Nb-Ta-V-Cr-Mo-Ti-W,405.6128840388666,0.1957890020745122
0.15,0.1,0.2,0.1,0.15,0.2,0.1,9.2597,0.3275,2588.2,Nb-Ta-V-Cr-Mo-Ti-W,478.4822313856035,0.18257418583505539
0.15,0.1,0.25,0.05,0.15,0.2,0.1,9.2077,0.3354999999999999,2588.3500000000004,Nb-Ta-V-Cr-Mo-Ti-W,392.35237465719246,0.17795130420052185
0.15,0.1,0.25,0.05,0.2,0.15,0.1,9.4964,0.3349999999999999,2636.1,Nb-Ta-V-Cr-Mo-Ti-W,458.760873078492,0.17795130420052185
0.15,0.1,0.25,0.1,0.05,0.2,0.15,9.4997,0.329,2592.5,Nb-Ta-V-Cr-Mo-Ti-W,468.9053524816245,0.19148542155126763
0.15,0.1,0.25,0.1,0.15,0.15,0.1,9.3399,0.3299999999999999,2600.3,Nb-Ta-V-Cr-Mo-Ti-W,524.228492079417,0.1632993161855452
0.15,0.1,0.25,0.15,0.15,0.1,0.1,9.4721,0.3245,2612.25,Nb-Ta-V-Cr-Mo-Ti-W,651.874451595785,0.17795130420052185
0.15,0.1,0.3,0.0,0.15,0.2,0.1,9.1557,0.3435,2588.5,Nb-Ta-V-Mo-Ti-W,308.8640090683596,0.19999999999999998
0.15,0.1,0.3,0.0,0.2,0.15,0.1,9.4444,0.343,2636.25,Nb-Ta-V-Mo-Ti-W,364.7277622791389,0.19999999999999998
0.15,0.1,0.3,0.05,0.05,0.2,0.15,9.4477,0.3369999999999999,2592.65,Nb-Ta-V-Cr-Mo-Ti-W,388.6606213262977,0.19999999999999998
0.15,0.1,0.3,0.05,0.15,0.15,0.1,9.2879,0.3379999999999999,2600.4500000000003,Nb-Ta-V-Cr-Mo-Ti-W,437.27971466475856,0.1732050807568877
0.15,0.1,0.3,0.1,0.15,0.1,0.1,9.4201,0.3325,2612.4,Nb-Ta-V-Cr-Mo-Ti-W,563.2898675137761,0.1732050807568877
0.15,0.1,0.3,0.15,0.1,0.1,0.1,9.2636,0.3275,2576.6,Nb-Ta-V-Cr-Mo-Ti-W,596.4367442969063,0.18708286933869706
0.15,0.1,0.35,0.05,0.15,0.1,0.1,9.3681,0.3405,2612.55,Nb-Ta-V-Cr-Mo-Ti-W,476.0928242135365,0.19578900207451216
0.15,0.1,0.35,0.1,0.1,0.1,0.1,9.2116,0.3355,2576.75,Nb-Ta-V-Cr-Mo-Ti-W,516.3255190557235,0.19578900207451216
0.15,0.15,0.15,0.1,0.1,0.25,0.1,9.5,0.3265,2595.8,Nb-Ta-V-Cr-Mo-Ti-W,404.3355854145451,0.1957890020745122
0.15,0.15,0.15,0.1,0.2,0.2,0.05,9.3402,0.3275,2603.6000000000004,Nb-Ta-V-Cr-Mo-Ti-W,462.0202738274128,0.1957890020745122
0.15,0.15,0.2,0.05,0.1,0.25,0.1,9.448,0.3345,2595.95,Nb-Ta-V-Cr-Mo-Ti-W,323.7479566644251,0.17795130420052185
0.15,0.15,0.2,0.05,0.2,0.2,0.05,9.2882,0.3355,2603.75,Nb-Ta-V-Cr-Mo-Ti-W,373.5652531428775,0.17795130420052188
0.15,0.15,0.2,0.1,0.2,0.15,0.05,9.4204,0.33,2615.7000000000003,Nb-Ta-V-Cr-Mo-Ti-W,516.6370079547095,0.16329931618554522
0.15,0.15,0.2,0.15,0.15,0.15,0.05,9.2639,0.325,2579.9,Nb-Ta-V-Cr-Mo-Ti-W,566.5844964570879,0.1632993161855452
0.15,0.15,0.25,0.0,0.1,0.25,0.1,9.396,0.3425,2596.1,Nb-Ta-V-Mo-Ti-W,246.55866638780608,0.18708286933869708
0.15,0.15,0.25,0.0,0.2,0.2,0.05,9.2362,0.3434999999999999,2603.9,Nb-Ta-V-Mo-Ti-W,288.05527908075715,0.18708286933869708
0.15,0.15,0.25,0.05,0.2,0.15,0.05,9.3684,0.3379999999999999,2615.85,Nb-Ta-V-Cr-Mo-Ti-W,426.8177971094957,0.15811388300841897
0.15,0.15,0.25,0.1,0.15,0.15,0.05,9.2119,0.333,2580.05,Nb-Ta-V-Cr-Mo-Ti-W,483.5614571681967,0.14142135623730953
0.15,0.15,0.25,0.15,0.15,0.1,0.05,9.3441,0.3275,2592.0,Nb-Ta-V-Cr-Mo-Ti-W,608.2027837599679,0.15811388300841897
0.15,0.15,0.3,0.0,0.1,0.2,0.1,9.4762,0.345,2608.2,Nb-Ta-V-Mo-Ti-W,295.9411247962178,0.16832508230603463
0.15,0.15,0.3,0.0,0.2,0.15,0.05,9.316400000000002,0.346,2616.0,Nb-Ta-V-Mo-Ti-W,339.5251484940066,0.18257418583505536
0.15,0.15,0.3,0.05,0.15,0.15,0.05,9.1599,0.3409999999999999,2580.2,Nb-Ta-V-Cr-Mo-Ti-W,402.5851198009088,0.15275252316519466
0.15,0.15,0.3,0.05,0.2,0.1,0.05,9.4486,0.3405,2627.95,Nb-Ta-V-Cr-Mo-Ti-W,475.0023758477772,0.16832508230603463
0.15,0.15,0.3,0.1,0.05,0.15,0.1,9.4519,0.3345,2584.35,Nb-Ta-V-Cr-Mo-Ti-W,466.37695466791246,0.15275252316519466
0.15,0.15,0.3,0.1,0.15,0.1,0.05,9.2921,0.3355,2592.15,Nb-Ta-V-Cr-Mo-Ti-W,524.6026813723719,0.15275252316519466
0.15,0.15,0.3,0.15,0.15,0.05,0.05,9.4243,0.3299999999999999,2604.1,Nb-Ta-V-Cr-Mo-Ti-W,642.6922074228398,0.18257418583505536
0.15,0.15,0.35,0.0,0.15,0.15,0.05,9.1079,0.349,2580.35,Nb-Ta-V-Mo-Ti-W,324.3263157854672,0.19148542155126763
0.15,0.15,0.35,0.05,0.05,0.15,0.1,9.3999,0.3424999999999999,2584.5,Nb-Ta-V-Cr-Mo-Ti-W,391.0513817466155,0.17795130420052185
0.15,0.15,0.35,0.05,0.15,0.1,0.05,9.2401,0.3435,2592.3,Nb-Ta-V-Cr-Mo-Ti-W,442.81175596445934,0.17795130420052185
0.15,0.15,0.35,0.1,0.15,0.05,0.05,9.3723,0.338,2604.25,Nb-Ta-V-Cr-Mo-Ti-W,559.0289215942595,0.19148542155126763
0.15,0.2,0.15,0.1,0.1,0.25,0.05,9.372000000000002,0.3295,2575.55,Nb-Ta-V-Cr-Mo-Ti-W,357.88156206252864,0.19148542155126763
0.15,0.2,0.2,0.0,0.15,0.25,0.05,9.4765,0.3425,2611.5,Nb-Ta-V-Mo-Ti-W,216.7492099076925,0.18708286933869708
0.15,0.2,0.2,0.05,0.1,0.25,0.05,9.320000000000002,0.3375,2575.7,Nb-Ta-V-Cr-Mo-Ti-W,284.76024907845266,0.17320508075688773
0.15,0.2,0.2,0.05,0.2,0.2,0.0,9.1602,0.3385,2583.5,Nb-Ta-V-Cr-Mo-Ti,336.027689088384,0.18708286933869708
0.15,0.2,0.2,0.05,0.25,0.15,0.0,9.448900000000002,0.338,2631.25,Nb-Ta-V-Cr-Mo-Ti,404.9936025791445,0.2
0.15,0.2,0.2,0.1,0.1,0.2,0.05,9.4522,0.3319999999999999,2587.65,Nb-Ta-V-Cr-Mo-Ti-W,410.3925065089932,0.14142135623730953
0.15,0.2,0.2,0.1,0.2,0.15,0.0,9.2924,0.333,2595.4500000000003,Nb-Ta-V-Cr-Mo-Ti,471.4243983433577,0.17320508075688776
0.15,0.2,0.2,0.15,0.2,0.1,0.0,9.424600000000002,0.3275,2607.4,Nb-Ta-V-Cr-Mo-Ti,607.4852211951423,0.18708286933869708
0.15,0.2,0.25,0.0,0.1,0.25,0.05,9.268,0.3455,2575.85,Nb-Ta-V-Mo-Ti-W,215.471119634807,0.18257418583505536
0.15,0.2,0.25,0.0,0.2,0.2,0.0,9.1082,0.3465,2583.65,Nb-Ta-V-Mo-Ti,258.1530332388525,0.1957890020745122
0.15,0.2,0.25,0.05,0.1,0.2,0.05,9.400200000000002,0.34,2587.8,Nb-Ta-V-Cr-Mo-Ti-W,334.76735978811547,0.13540064007726604
0.15,0.2,0.25,0.05,0.2,0.15,0.0,9.2404,0.3409999999999999,2595.6000000000004,Nb-Ta-V-Cr-Mo-Ti,388.2297221893154,0.16832508230603466
0.15,0.2,0.25,0.1,0.2,0.1,0.0,9.3726,0.3355,2607.55,Nb-Ta-V-Cr-Mo-Ti,520.9626852492778,0.16832508230603466
0.15,0.2,0.3,0.0,0.1,0.2,0.05,9.3482,0.348,2587.95,Nb-Ta-V-Mo-Ti-W,262.5162961802227,0.16329931618554522
0.15,0.2,0.3,0.0,0.2,0.15,0.0,9.1884,0.349,2595.75,Nb-Ta-V-Mo-Ti,308.01271703368843,0.19148542155126763
0.15,0.2,0.3,0.05,0.1,0.15,0.05,9.4804,0.3425,2599.9,Nb-Ta-V-Cr-Mo-Ti-W,381.8480652281772,0.12909944487358055
0.15,0.2,0.3,0.05,0.2,0.1,0.0,9.3206,0.3434999999999999,2607.7,Nb-Ta-V-Cr-Mo-Ti,436.42442194533936,0.17795130420052185
0.15,0.2,0.3,0.1,0.2,0.05,0.0,9.4528,0.3379999999999999,2619.65,Nb-Ta-V-Cr-Mo-Ti,564.8484876745568,0.19148542155126763
0.15,0.2,0.3,0.15,0.05,0.1,0.05,9.4561,0.332,2576.05,Nb-Ta-V-Cr-Mo-Ti-W,526.4506610844435,0.1632993161855452
0.15,0.2,0.3,0.15,0.15,0.05,0.0,9.2963,0.333,2583.85,Nb-Ta-V-Cr-Mo-Ti,592.8425148631013,0.19148542155126763
0.15,0.2,0.35,0.0,0.1,0.15,0.05,9.4284,0.3505,2600.05,Nb-Ta-V-Mo-Ti-W,307.3364208415844,0.1732050807568877
0.15,0.2,0.35,0.1,0.05,0.1,0.05,9.4041,0.34,2576.2,Nb-Ta-V-Cr-Mo-Ti-W,453.5593446180932,0.17320508075688773
0.15,0.2,0.35,0.1,0.15,0.05,0.0,9.2443,0.3409999999999999,2584.0,Nb-Ta-V-Cr-Mo-Ti,513.9968398288212,0.19999999999999998
0.15,0.25,0.2,0.05,0.15,0.2,0.0,9.4807,0.34,2603.2,Nb-Ta-V-Cr-Mo-Ti,310.4293938776707,0.16832508230603463
0.15,0.25,0.2,0.15,0.1,0.15,0.0,9.456400000000002,0.3295,2579.3500000000004,Nb-Ta-V-Cr-Mo-Ti,479.64167740674,0.16832508230603463
0.15,0.25,0.25,0.0,0.15,0.2,0.0,9.4287,0.348,2603.3500000000004,Nb-Ta-V-Mo-Ti,237.42533119699223,0.17795130420052185
0.15,0.25,0.25,0.1,0.1,0.15,0.0,9.4044,0.3375,2579.5,Nb-Ta-V-Cr-Mo-Ti,406.0792095596053,0.14719601443879746
0.15,0.25,0.3,0.05,0.1,0.15,0.0,9.3524,0.3455,2579.65,Nb-Ta-V-Cr-Mo-Ti,335.3045606172318,0.15811388300841897
0.15,0.25,0.3,0.1,0.1,0.1,0.0,9.4846,0.34,2591.6,Nb-Ta-V-Cr-Mo-Ti,450.07311609889217,0.15811388300841897
0.15,0.25,0.35,0.0,0.1,0.15,0.0,9.3004,0.3535,2579.8,Nb-Ta-V-Mo-Ti,267.96202605906467,0.19578900207451216
0.15,0.25,0.35,0.05,0.1,0.1,0.0,9.4326,0.348,2591.75,Nb-Ta-V-Cr-Mo-Ti,377.4321897546319,0.18257418583505536
0.2,0.05,0.25,0.1,0.1,0.15,0.15,9.3824,0.3315,2613.25,Nb-Ta-V-Cr-Mo-Ti-W,524.9551925417364,0.19148542155126763
0.2,0.05,0.25,0.1,0.15,0.15,0.1,8.933900000000001,0.333,2573.3,Nb-Ta-V-Cr-Mo-Ti-W,500.8640262472494,0.19148542155126763
0.2,0.05,0.3,0.05,0.1,0.15,0.15,9.3304,0.3395,2613.4,Nb-Ta-V-Cr-Mo-Ti-W,437.6060228433663,0.2
0.2,0.05,0.3,0.05,0.15,0.15,0.1,8.8819,0.341,2573.4500000000003,Nb-Ta-V-Cr-Mo-Ti-W,416.4979650190273,0.2
0.2,0.05,0.3,0.1,0.1,0.1,0.15,9.4626,0.334,2625.35,Nb-Ta-V-Cr-Mo-Ti-W,564.2756161110804,0.2
0.2,0.05,0.3,0.1,0.15,0.1,0.1,9.0141,0.3355,2585.4,Nb-Ta-V-Cr-Mo-Ti-W,537.844465542336,0.2
0.2,0.1,0.15,0.1,0.15,0.2,0.1,9.3827,0.329,2616.55,Nb-Ta-V-Cr-Mo-Ti-W,461.9174279380351,0.18257418583505539
0.2,0.1,0.15,0.15,0.1,0.2,0.1,9.2262,0.324,2580.75,Nb-Ta-V-Cr-Mo-Ti-W,519.2377355027863,0.1957890020745122
0.2,0.1,0.2,0.0,0.2,0.2,0.1,9.4872,0.342,2652.5,Nb-Ta-V-Mo-Ti-W,282.8499729438947,0.19148542155126763
0.2,0.1,0.2,0.05,0.15,0.2,0.1,9.3307,0.337,2616.7,Nb-Ta-V-Cr-Mo-Ti-W,373.0971966773134,0.16329931618554522
0.2,0.1,0.2,0.05,0.2,0.2,0.05,8.882200000000001,0.3385,2576.75,Nb-Ta-V-Cr-Mo-Ti-W,356.0957349088672,0.19148542155126763
0.2,0.1,0.2,0.1,0.1,0.2,0.1,9.1742,0.332,2580.9,Nb-Ta-V-Cr-Mo-Ti-W,436.8999370951837,0.16329931618554522
0.2,0.1,0.2,0.1,0.15,0.15,0.1,9.4629,0.3315,2628.65,Nb-Ta-V-Cr-Mo-Ti-W,516.7224159680802,0.14719601443879746
0.2,0.1,0.2,0.1,0.2,0.15,0.05,9.014400000000002,0.333,2588.7000000000003,Nb-Ta-V-Cr-Mo-Ti-W,493.90586253954007,0.17795130420052185
0.2,0.1,0.2,0.15,0.1,0.15,0.1,9.3064,0.3265,2592.85,Nb-Ta-V-Cr-Mo-Ti-W,567.040809636366,0.1632993161855452
0.2,0.1,0.2,0.15,0.2,0.1,0.05,9.1466,0.3275,2600.65,Nb-Ta-V-Cr-Mo-Ti-W,630.2050603688969,0.19148542155126763
0.2,0.1,0.25,0.0,0.15,0.2,0.1,9.2787,0.345,2616.8500000000004,Nb-Ta-V-Mo-Ti-W,287.303711219198,0.17320508075688773
0.2,0.1,0.25,0.0,0.2,0.2,0.05,8.830200000000001,0.3465,2576.9,Nb-Ta-V-Mo-Ti-W,273.53776232467146,0.2
0.2,0.1,0.25,0.05,0.1,0.2,0.1,9.1222,0.34,2581.05,Nb-Ta-V-Cr-Mo-Ti-W,356.96460875495154,0.15811388300841897
0.2,0.1,0.25,0.05,0.15,0.15,0.1,9.410900000000002,0.3395,2628.8,Nb-Ta-V-Cr-Mo-Ti-W,426.52850109239535,0.1414213562373095
0.2,0.1,0.25,0.05,0.2,0.15,0.05,8.9624,0.3409999999999999,2588.85,Nb-Ta-V-Cr-Mo-Ti-W,406.7710349486444,0.17320508075688773
0.2,0.1,0.25,0.05,0.25,0.1,0.05,9.2511,0.3405,2636.6,Nb-Ta-V-Cr-Mo-Ti-W,476.27385514051,0.2
0.2,0.1,0.25,0.1,0.0,0.2,0.15,9.4142,0.3335,2585.2,Nb-Ta-V-Cr-Ti-W,424.8327723181761,0.2
0.2,0.1,0.25,0.1,0.1,0.15,0.1,9.2544,0.3345,2593.0,Nb-Ta-V-Cr-Mo-Ti-W,483.5980357756009,0.1414213562373095
0.2,0.1,0.25,0.1,0.2,0.1,0.05,9.0946,0.3355,2600.8,Nb-Ta-V-Cr-Mo-Ti-W,540.4672087357377,0.17320508075688776
0.2,0.1,0.25,0.15,0.1,0.1,0.1,9.3866,0.329,2604.95,Nb-Ta-V-Cr-Mo-Ti-W,608.7749198161847,0.15811388300841897
0.2,0.1,0.25,0.15,0.2,0.05,0.05,9.2268,0.33,2612.75,Nb-Ta-V-Cr-Mo-Ti-W,670.2677631985076,0.2
0.2,0.1,0.3,0.0,0.1,0.2,0.1,9.0702,0.348,2581.2,Nb-Ta-V-Mo-Ti-W,280.1778050297649,0.18257418583505536
0.2,0.1,0.3,0.0,0.15,0.15,0.1,9.3589,0.3475,2628.9500000000003,Nb-Ta-V-Mo-Ti-W,338.94212644391325,0.16832508230603463
0.2,0.1,0.3,0.0,0.2,0.15,0.05,8.910400000000001,0.349,2589.0,Nb-Ta-V-Mo-Ti-W,322.3959723259845,0.19578900207451216
0.2,0.1,0.3,0.05,0.1,0.15,0.1,9.2024,0.3425,2593.15,Nb-Ta-V-Cr-Mo-Ti-W,402.27760360575047,0.15275252316519466
0.2,0.1,0.3,0.05,0.15,0.1,0.1,9.4911,0.342,2640.9,Nb-Ta-V-Cr-Mo-Ti-W,474.90132334815047,0.15275252316519466
0.2,0.1,0.3,0.05,0.2,0.1,0.05,9.0426,0.3435,2600.95,Nb-Ta-V-Cr-Mo-Ti-W,452.4944392102529,0.18257418583505536
0.2,0.1,0.3,0.1,0.0,0.15,0.15,9.4944,0.336,2597.3,Nb-Ta-V-Cr-Ti-W,466.5271595175522,0.19578900207451216
0.2,0.1,0.3,0.1,0.1,0.1,0.1,9.3346,0.337,2605.1,Nb-Ta-V-Cr-Mo-Ti-W,524.7408173061041,0.15275252316519466
0.2,0.1,0.3,0.1,0.2,0.05,0.05,9.1748,0.338,2612.9,Nb-Ta-V-Cr-Mo-Ti-W,580.4463558099162,0.1957890020745122
0.2,0.1,0.3,0.15,0.1,0.05,0.1,9.4668,0.3315,2617.05,Nb-Ta-V-Cr-Mo-Ti-W,643.4110919005916,0.18257418583505536
0.2,0.1,0.3,0.15,0.15,0.05,0.05,9.0183,0.333,2577.1,Nb-Ta-V-Cr-Mo-Ti-W,611.9429784274969,0.19578900207451216
0.2,0.1,0.35,0.0,0.1,0.15,0.1,9.1504,0.3505,2593.3,Nb-Ta-V-Mo-Ti-W,323.7554799675672,0.19148542155126763
0.2,0.1,0.35,0.0,0.15,0.1,0.1,9.4391,0.35,2641.05,Nb-Ta-V-Mo-Ti-W,386.18612117900375,0.19148542155126763
0.2,0.1,0.35,0.05,0.1,0.1,0.1,9.2826,0.345,2605.25,Nb-Ta-V-Cr-Mo-Ti-W,442.592985601248,0.17795130420052185
0.2,0.1,0.35,0.1,0.1,0.05,0.1,9.4148,0.3395,2617.2,Nb-Ta-V-Cr-Mo-Ti-W,559.2960081745117,0.19148542155126763
0.2,0.15,0.15,0.05,0.15,0.25,0.05,9.1225,0.3375,2584.35,Nb-Ta-V-Cr-Mo-Ti-W,280.1286369057284,0.19148542155126763
0.2,0.15,0.15,0.05,0.2,0.2,0.05,9.4112,0.337,2632.1000000000004,Nb-Ta-V-Cr-Mo-Ti-W,343.39106598227323,0.17795130420052188
0.2,0.15,0.15,0.1,0.05,0.25,0.1,9.4145,0.331,2588.5,Nb-Ta-V-Cr-Mo-Ti-W,357.5876961372814,0.19148542155126763
0.2,0.15,0.15,0.1,0.15,0.2,0.05,9.2547,0.332,2596.3,Nb-Ta-V-Cr-Mo-Ti-W,416.7815028521442,0.16329931618554522
0.2,0.15,0.15,0.15,0.15,0.15,0.05,9.3869,0.3265,2608.25,Nb-Ta-V-Cr-Mo-Ti-W,556.7976220833642,0.1632993161855452
0.2,0.15,0.2,0.0,0.15,0.25,0.05,9.0705,0.3455,2584.5,Nb-Ta-V-Mo-Ti-W,205.1583998750388,0.18708286933869708
0.2,0.15,0.2,0.0,0.2,0.2,0.05,9.3592,0.345,2632.25,Nb-Ta-V-Mo-Ti-W,256.26081278544416,0.17320508075688776
0.2,0.15,0.2,0.05,0.05,0.25,0.1,9.3625,0.339,2588.65,Nb-Ta-V-Cr-Mo-Ti-W,284.160670946454,0.17320508075688773
0.2,0.15,0.2,0.05,0.15,0.2,0.05,9.2027,0.3399999999999999,2596.45,Nb-Ta-V-Cr-Mo-Ti-W,335.1947352975006,0.14142135623730953
0.2,0.15,0.2,0.05,0.2,0.15,0.05,9.491400000000002,0.3395,2644.2000000000003,Nb-Ta-V-Cr-Mo-Ti-W,404.13825680666446,0.14142135623730953
0.2,0.15,0.2,0.05,0.25,0.15,0.0,9.0429,0.341,2604.25,Nb-Ta-V-Cr-Mo-Ti,386.1144173779812,0.2
0.2,0.15,0.2,0.1,0.05,0.2,0.1,9.494700000000002,0.3335,2600.6000000000004,Nb-Ta-V-Cr-Mo-Ti-W,410.0965215125028,0.14142135623730953
0.2,0.15,0.2,0.1,0.15,0.15,0.05,9.3349,0.3345,2608.4,Nb-Ta-V-Cr-Mo-Ti-W,470.9541270043378,0.12247448713915891
0.2,0.15,0.2,0.1,0.25,0.1,0.0,9.1751,0.3355,2616.2,Nb-Ta-V-Cr-Mo-Ti,530.6906915294544,0.2
0.2,0.15,0.2,0.15,0.15,0.1,0.05,9.4671,0.329,2620.35,Nb-Ta-V-Cr-Mo-Ti-W,607.477379527228,0.1414213562373095
0.2,0.15,0.2,0.15,0.2,0.1,0.0,9.0186,0.3305,2580.4,Nb-Ta-V-Cr-Mo-Ti,579.3947284074583,0.18708286933869708
0.2,0.15,0.2,0.2,0.1,0.1,0.05,9.3106,0.324,2584.55,Nb-Ta-V-Cr-Mo-Ti-W,636.1851598455515,0.17320508075688776
0.2,0.15,0.25,0.0,0.05,0.25,0.1,9.3105,0.347,2588.8,Nb-Ta-V-Mo-Ti-W,214.64449340373912,0.18257418583505536
0.2,0.15,0.25,0.0,0.15,0.2,0.05,9.1507,0.348,2596.6000000000004,Nb-Ta-V-Mo-Ti-W,257.09561208120704,0.1527525231651947
0.2,0.15,0.25,0.0,0.2,0.15,0.05,9.4394,0.3475,2644.35,Nb-Ta-V-Mo-Ti-W,314.5502767193158,0.1527525231651947
0.2,0.15,0.25,0.05,0.05,0.2,0.1,9.4427,0.3415,2600.75,Nb-Ta-V-Cr-Mo-Ti-W,334.1618068026894,0.13540064007726602
0.2,0.15,0.25,0.05,0.15,0.15,0.05,9.2829,0.3424999999999999,2608.55,Nb-Ta-V-Cr-Mo-Ti-W,387.4416910674585,0.11547005383792515
0.2,0.15,0.25,0.05,0.25,0.1,0.0,9.1231,0.3435,2616.35,Nb-Ta-V-Cr-Mo-Ti,439.97489644819154,0.1957890020745122
0.2,0.15,0.25,0.1,0.15,0.1,0.05,9.4151,0.3369999999999999,2620.5,Nb-Ta-V-Cr-Mo-Ti-W,520.5461477119005,0.11547005383792516
0.2,0.15,0.25,0.1,0.2,0.1,0.0,8.9666,0.3385,2580.55,Nb-Ta-V-Cr-Mo-Ti,495.3140865496415,0.16832508230603466
0.2,0.15,0.25,0.15,0.0,0.15,0.1,9.4184,0.331,2576.9,Nb-Ta-V-Cr-Ti-W,488.22853293636825,0.16832508230603463
0.2,0.15,0.25,0.15,0.1,0.1,0.05,9.2586,0.332,2584.7,Nb-Ta-V-Cr-Mo-Ti-W,555.8234096342993,0.13540064007726602
0.2,0.15,0.25,0.15,0.2,0.05,0.0,9.0988,0.333,2592.5,Nb-Ta-V-Cr-Mo-Ti,621.3496191190297,0.1957890020745122
0.2,0.15,0.25,0.2,0.1,0.05,0.05,9.3908,0.3265,2596.65,Nb-Ta-V-Cr-Mo-Ti-W,673.4186015575774,0.1825741858350554
0.2,0.15,0.3,0.0,0.05,0.2,0.1,9.3907,0.3495,2600.9,Nb-Ta-V-Mo-Ti-W,261.6802070601167,0.16329931618554522
0.2,0.15,0.3,0.0,0.15,0.15,0.05,9.230900000000002,0.3505,2608.7,Nb-Ta-V-Mo-Ti-W,306.991418072,0.14719601443879743
0.2,0.15,0.3,0.05,0.15,0.1,0.05,9.3631,0.345,2620.65,Nb-Ta-V-Cr-Mo-Ti-W,435.6787419388138,0.12909944487358055
0.2,0.15,0.3,0.05,0.2,0.1,0.0,8.9146,0.3465,2580.7,Nb-Ta-V-Cr-Mo-Ti,413.4409863151912,0.17795130420052185
0.2,0.15,0.3,0.1,0.0,0.15,0.1,9.3664,0.339,2577.05,Nb-Ta-V-Cr-Ti-W,416.09407218429817,0.16329931618554522
0.2,0.15,0.3,0.1,0.1,0.1,0.05,9.2066,0.34,2584.85,Nb-Ta-V-Cr-Mo-Ti-W,477.2161233337563,0.12909944487358055
0.2,0.15,0.3,0.1,0.15,0.05,0.05,9.4953,0.3395,2632.6,Nb-Ta-V-Cr-Mo-Ti-W,564.4974704433265,0.14719601443879746
0.2,0.15,0.3,0.1,0.2,0.05,0.0,9.0468,0.341,2592.65,Nb-Ta-V-Cr-Mo-Ti,536.6370669663055,0.19148542155126763
0.2,0.15,0.3,0.15,0.0,0.1,0.1,9.4986,0.3335,2589.0,Nb-Ta-V-Cr-Ti-W,526.277517968261,0.17795130420052185
0.2,0.15,0.3,0.15,0.1,0.05,0.05,9.3388,0.3345,2596.8,Nb-Ta-V-Cr-Mo-Ti-W,592.609494929094,0.1632993161855452
0.2,0.15,0.35,0.0,0.05,0.15,0.1,9.4709,0.352,2613.0,Nb-Ta-V-Mo-Ti-W,306.476463416521,0.1732050807568877
0.2,0.15,0.35,0.0,0.15,0.1,0.05,9.3111,0.353,2620.8,Nb-Ta-V-Mo-Ti-W,353.53960612082824,0.1732050807568877
0.2,0.15,0.35,0.05,0.0,0.15,0.1,9.3144,0.347,2577.2,Nb-Ta-V-Cr-Ti-W,346.607947368491,0.18708286933869708
0.2,0.15,0.35,0.05,0.1,0.1,0.05,9.1546,0.3480000000000001,2585.0,Nb-Ta-V-Cr-Mo-Ti-W,400.9240769792229,0.15811388300841894
0.2,0.15,0.35,0.05,0.15,0.05,0.05,9.4433,0.3475,2632.75,Nb-Ta-V-Cr-Mo-Ti-W,478.80970010799166,0.17320508075688773
0.2,0.15,0.35,0.1,0.0,0.1,0.1,9.4466,0.3415,2589.15,Nb-Ta-V-Cr-Ti-W,453.012998910676,0.18708286933869706
0.2,0.15,0.35,0.1,0.1,0.05,0.05,9.2868,0.3425000000000001,2596.95,Nb-Ta-V-Cr-Mo-Ti-W,513.3688079158851,0.17320508075688773
0.2,0.2,0.15,0.05,0.1,0.25,0.05,9.443,0.3390000000000001,2604.05,Nb-Ta-V-Cr-Mo-Ti-W,254.66146163519437,0.17320508075688773
0.2,0.2,0.15,0.05,0.2,0.2,0.0,9.2832,0.34,2611.8500000000004,Nb-Ta-V-Cr-Mo-Ti,304.6319563694964,0.18708286933869708
0.2,0.2,0.15,0.1,0.15,0.2,0.0,9.1267,0.3349999999999999,2576.05,Nb-Ta-V-Cr-Mo-Ti,367.41774507989663,0.17320508075688776
0.2,0.2,0.15,0.1,0.2,0.15,0.0,9.415400000000002,0.3345,2623.8,Nb-Ta-V-Cr-Mo-Ti,448.0626519823896,0.17320508075688776
0.2,0.2,0.15,0.15,0.05,0.2,0.05,9.4187,0.3285,2580.2,Nb-Ta-V-Cr-Mo-Ti-W,429.58065329427296,0.17320508075688776
0.2,0.2,0.15,0.15,0.15,0.15,0.0,9.2589,0.3295,2588.0,Nb-Ta-V-Cr-Mo-Ti,499.1390718014654,0.17320508075688773
0.2,0.2,0.15,0.2,0.15,0.1,0.0,9.391100000000002,0.324,2599.95,Nb-Ta-V-Cr-Mo-Ti,632.4002504632881,0.2
0.2,0.2,0.2,0.0,0.1,0.25,0.05,9.391000000000002,0.347,2604.2,Nb-Ta-V-Mo-Ti-W,185.13883086510185,0.16832508230603463
0.2,0.2,0.2,0.0,0.2,0.2,0.0,9.2312,0.348,2612.0,Nb-Ta-V-Mo-Ti,225.8822090115245,0.18257418583505539
0.2,0.2,0.2,0.05,0.15,0.2,0.0,9.0747,0.343,2576.2,Nb-Ta-V-Cr-Mo-Ti,293.3892241954427,0.1527525231651947
0.2,0.2,0.2,0.05,0.2,0.15,0.0,9.363400000000002,0.3425,2623.9500000000003,Nb-Ta-V-Cr-Mo-Ti,362.89347254735264,0.1527525231651947
0.2,0.2,0.2,0.1,0.05,0.2,0.05,9.366700000000002,0.3365,2580.3500000000004,Nb-Ta-V-Cr-Mo-Ti-W,357.80946005603914,0.13540064007726604
0.2,0.2,0.2,0.1,0.15,0.15,0.0,9.2069,0.3375,2588.15,Nb-Ta-V-Cr-Mo-Ti,419.8673335707516,0.13540064007726602
0.2,0.2,0.2,0.1,0.2,0.1,0.0,9.4956,0.337,2635.9,Nb-Ta-V-Cr-Mo-Ti,505.2240733395996,0.1527525231651947
0.2,0.2,0.2,0.15,0.05,0.15,0.05,9.4989,0.331,2592.3,Nb-Ta-V-Cr-Mo-Ti-W,479.2188007831908,0.13540064007726602
0.2,0.2,0.2,0.15,0.15,0.1,0.0,9.339100000000002,0.332,2600.1,Nb-Ta-V-Cr-Mo-Ti,549.5926945368323,0.15275252316519466
0.2,0.2,0.2,0.2,0.15,0.05,0.0,9.4713,0.3265,2612.05,Nb-Ta-V-Cr-Mo-Ti,678.6452104295687,0.1957890020745122
0.2,0.2,0.25,0.0,0.1,0.2,0.05,9.4712,0.3495,2616.3,Nb-Ta-V-Mo-Ti-W,236.25235258217236,0.12909944487358058
0.2,0.2,0.25,0.0,0.15,0.2,0.0,9.0227,0.351,2576.3500000000004,Nb-Ta-V-Mo-Ti,223.2940536174553,0.16329931618554522
0.2,0.2,0.25,0.0,0.2,0.15,0.0,9.3114,0.3505,2624.1,Nb-Ta-V-Mo-Ti,281.117040849983,0.16329931618554522
0.2,0.2,0.25,0.05,0.05,0.2,0.05,9.3147,0.3445,2580.5,Nb-Ta-V-Cr-Mo-Ti-W,289.2015732437413,0.12909944487358058
0.2,0.2,0.25,0.05,0.15,0.15,0.0,9.1549,0.3455,2588.3,Nb-Ta-V-Cr-Mo-Ti,343.38251337734954,0.12909944487358055
0.2,0.2,0.25,0.05,0.2,0.1,0.0,9.4436,0.345,2636.05,Nb-Ta-V-Cr-Mo-Ti,418.17953026115305,0.14719601443879746
0.2,0.2,0.25,0.1,0.05,0.15,0.05,9.4469,0.339,2592.45,Nb-Ta-V-Cr-Mo-Ti-W,405.3197644891756,0.10801234497346433
0.2,0.2,0.25,0.1,0.15,0.1,0.0,9.2871,0.34,2600.25,Nb-Ta-V-Cr-Mo-Ti,468.7087005346178,0.12909944487358055
0.2,0.2,0.25,0.15,0.15,0.05,0.0,9.4193,0.3345,2612.2,Nb-Ta-V-Cr-Mo-Ti,594.911332985551,0.1632993161855452
0.2,0.2,0.25,0.2,0.1,0.05,0.0,9.2628,0.3295,2576.4,Nb-Ta-V-Cr-Mo-Ti,609.807439405967,0.19148542155126763
0.2,0.2,0.3,0.0,0.05,0.2,0.05,9.2627,0.3525,2580.65,Nb-Ta-V-Mo-Ti-W,224.46460899241825,0.15811388300841897
0.2,0.2,0.3,0.0,0.15,0.15,0.0,9.102900000000002,0.3535,2588.45,Nb-Ta-V-Mo-Ti,270.4060391234705,0.15811388300841897
0.2,0.2,0.3,0.0,0.2,0.1,0.0,9.3916,0.353,2636.2,Nb-Ta-V-Mo-Ti,334.1218501659968,0.17320508075688773
0.2,0.2,0.3,0.05,0.05,0.15,0.05,9.3949,0.347,2592.6,Nb-Ta-V-Cr-Mo-Ti-W,334.28638491097365,0.1224744871391589
0.2,0.2,0.3,0.05,0.15,0.1,0.0,9.2351,0.348,2600.4,Nb-Ta-V-Cr-Mo-Ti,390.3372713972706,0.1414213562373095
0.2,0.2,0.3,0.1,0.15,0.05,0.0,9.3673,0.3425,2612.35,Nb-Ta-V-Cr-Mo-Ti,512.8994865264665,0.15811388300841897
0.2,0.2,0.3,0.15,0.1,0.05,0.0,9.2108,0.3375,2576.55,Nb-Ta-V-Cr-Mo-Ti,533.8764471757717,0.17320508075688773
0.2,0.2,0.3,0.15,0.15,0.0,0.0,9.4995,0.3369999999999999,2624.3,Nb-Ta-V-Cr-Mo,634.1211723567399,0.19999999999999998
0.2,0.2,0.35,0.0,0.05,0.15,0.05,9.3429,0.355,2592.75,Nb-Ta-V-Mo-Ti-W,266.7676345584751,0.16832508230603463
0.2,0.2,0.35,0.0,0.15,0.1,0.0,9.1831,0.356,2600.55,Nb-Ta-V-Mo-Ti,315.1385290342649,0.18257418583505536
0.2,0.2,0.35,0.05,0.05,0.1,0.05,9.4751,0.3495,2604.7,Nb-Ta-V-Cr-Mo-Ti-W,376.2499512299396,0.15275252316519466
0.2,0.2,0.35,0.05,0.15,0.05,0.0,9.3153,0.3505,2612.5,Nb-Ta-V-Cr-Mo-Ti,433.1688432698915,0.18257418583505536
0.2,0.2,0.35,0.1,0.1,0.05,0.0,9.1588,0.3455,2576.7,Nb-Ta-V-Cr-Mo-Ti,459.94051366609807,0.18257418583505536
0.2,0.25,0.15,0.05,0.1,0.25,0.0,9.315,0.342,2583.8,Nb-Ta-V-Cr-Mo-Ti,213.814991749305,0.1957890020745122
0.2,0.25,0.15,0.1,0.1,0.2,0.0,9.4472,0.3365,2595.75,Nb-Ta-V-Cr-Mo-Ti,333.5816819196523,0.16832508230603466
0.2,0.25,0.2,0.0,0.1,0.25,0.0,9.263000000000002,0.35,2583.95,Nb-Ta-V-Mo-Ti,153.17782432278634,0.19148542155126763
0.2,0.25,0.2,0.05,0.1,0.2,0.0,9.3952,0.3445,2595.9,Nb-Ta-V-Cr-Mo-Ti,264.49386617386483,0.14719601443879746
0.2,0.25,0.25,0.0,0.1,0.2,0.0,9.3432,0.3525,2596.05,Nb-Ta-V-Mo-Ti,199.6631224516493,0.15811388300841897
0.2,0.25,0.25,0.05,0.1,0.15,0.0,9.4754,0.347,2608.0,Nb-Ta-V-Cr-Mo-Ti,314.2430270007627,0.1224744871391589
0.2,0.25,0.25,0.15,0.05,0.1,0.0,9.4511,0.3365,2584.15,Nb-Ta-V-Cr-Mo-Ti,459.48145179458527,0.15811388300841897
0.2,0.25,0.3,0.0,0.1,0.15,0.0,9.4234,0.355,2608.15,Nb-Ta-V-Mo-Ti,246.0121242110341,0.15275252316519466
0.2,0.25,0.3,0.1,0.05,0.1,0.0,9.3991,0.3445,2584.3,Nb-Ta-V-Cr-Mo-Ti,390.2255102723416,0.15275252316519466
0.2,0.25,0.35,0.05,0.05,0.1,0.0,9.3471,0.3525,2584.45,Nb-Ta-V-Cr-Mo-Ti,324.0134539529903,0.17795130420052185
0.2,0.25,0.35,0.1,0.05,0.05,0.0,9.4793,0.347,2596.4,Nb-Ta-V-Cr-Mo-Ti,428.6702502315977,0.19148542155126763
0.25,0.05,0.2,0.1,0.15,0.15,0.1,9.0569,0.3345,2601.65,Nb-Ta-V-Cr-Mo-Ti-W,493.5717855051712,0.19148542155126763
0.25,0.05,0.25,0.05,0.1,0.15,0.15,9.4534,0.341,2641.75,Nb-Ta-V-Cr-Mo-Ti-W,426.0367750954255,0.18708286933869708
0.25,0.05,0.25,0.05,0.15,0.15,0.1,9.004900000000001,0.3425,2601.8,Nb-Ta-V-Cr-Mo-Ti-W,406.1125392980604,0.18708286933869708
0.25,0.05,0.25,0.05,0.2,0.1,0.1,9.2936,0.3419999999999999,2649.55,Nb-Ta-V-Cr-Mo-Ti-W,475.803653134204,0.2
0.25,0.05,0.25,0.1,0.05,0.15,0.15,9.2969,0.336,2605.95,Nb-Ta-V-Cr-Mo-Ti-W,483.3968705505767,0.2
0.25,0.05,0.25,0.1,0.15,0.1,0.1,9.1371,0.337,2613.75,Nb-Ta-V-Cr-Mo-Ti-W,540.270034088827,0.18708286933869708
0.25,0.05,0.25,0.15,0.1,0.1,0.1,8.9806,0.332,2577.95,Nb-Ta-V-Cr-Mo-Ti-W,579.6002925809578,0.2
0.25,0.05,0.3,0.05,0.15,0.1,0.1,9.0851,0.345,2613.9,Nb-Ta-V-Cr-Mo-Ti-W,451.95918529866185,0.19578900207451216
0.25,0.05,0.3,0.1,0.1,0.1,0.1,8.9286,0.34,2578.1,Nb-Ta-V-Cr-Mo-Ti-W,497.9555291984453,0.1957890020745122
0.25,0.1,0.15,0.05,0.15,0.2,0.1,9.4537,0.3385,2645.05,Nb-Ta-V-Cr-Mo-Ti-W,342.2201860476464,0.17795130420052185
0.25,0.1,0.15,0.1,0.1,0.2,0.1,9.2972,0.3335,2609.25,Nb-Ta-V-Cr-Mo-Ti-W,416.0541669498844,0.17795130420052185
0.25,0.1,0.15,0.1,0.2,0.15,0.05,9.1374,0.3345,2617.05,Nb-Ta-V-Cr-Mo-Ti-W,474.58976782570033,0.19148542155126763
0.25,0.1,0.15,0.15,0.1,0.15,0.1,9.4294,0.328,2621.2000000000003,Nb-Ta-V-Cr-Mo-Ti-W,556.4785898870372,0.17795130420052185
0.25,0.1,0.15,0.15,0.15,0.15,0.05,8.9809,0.3295,2581.25,Nb-Ta-V-Cr-Mo-Ti-W,530.8709722906807,0.19148542155126763
0.25,0.1,0.2,0.0,0.1,0.25,0.1,9.113,0.347,2597.45,Nb-Ta-V-Mo-Ti-W,203.920808450558,0.2
0.25,0.1,0.2,0.0,0.15,0.2,0.1,9.4017,0.3465,2645.2,Nb-Ta-V-Mo-Ti-W,254.86498876177404,0.17320508075688773
0.25,0.1,0.2,0.0,0.2,0.2,0.05,8.9532,0.348,2605.25,Nb-Ta-V-Mo-Ti-W,243.07572932156376,0.2
0.25,0.1,0.2,0.05,0.1,0.2,0.1,9.2452,0.3415,2609.4,Nb-Ta-V-Cr-Mo-Ti-W,334.1805174771425,0.15811388300841897
0.25,0.1,0.2,0.05,0.2,0.15,0.05,9.085400000000002,0.3425,2617.2000000000003,Nb-Ta-V-Cr-Mo-Ti-W,384.94073928811247,0.17320508075688773
0.25,0.1,0.2,0.05,0.25,0.1,0.05,9.3741,0.3419999999999999,2664.95,Nb-Ta-V-Cr-Mo-Ti-W,454.6943509666679,0.2
0.25,0.1,0.2,0.1,0.05,0.2,0.1,9.0887,0.3365,2573.6000000000004,Nb-Ta-V-Cr-Mo-Ti-W,388.58096975400514,0.17320508075688776
0.25,0.1,0.2,0.1,0.1,0.15,0.1,9.377400000000002,0.336,2621.35,Nb-Ta-V-Cr-Mo-Ti-W,470.2578746233692,0.1414213562373095
0.25,0.1,0.2,0.1,0.15,0.15,0.05,8.9289,0.3375,2581.4,Nb-Ta-V-Cr-Mo-Ti-W,447.5629927174288,0.15811388300841897
0.25,0.1,0.2,0.1,0.2,0.1,0.05,9.2176,0.337,2629.15,Nb-Ta-V-Cr-Mo-Ti-W,529.905125500966,0.17320508075688776
0.25,0.1,0.2,0.15,0.05,0.15,0.1,9.2209,0.331,2585.55,Nb-Ta-V-Cr-Mo-Ti-W,512.5651176987049,0.17320508075688773
0.25,0.1,0.2,0.15,0.15,0.1,0.05,9.0611,0.332,2593.35,Nb-Ta-V-Cr-Mo-Ti-W,578.8445597432055,0.17320508075688773
0.25,0.1,0.2,0.15,0.2,0.05,0.05,9.349800000000002,0.3315,2641.1000000000004,Nb-Ta-V-Cr-Mo-Ti-W,673.2751151902357,0.2
0.25,0.1,0.2,0.2,0.05,0.1,0.1,9.3531,0.3255,2597.5,Nb-Ta-V-Cr-Mo-Ti-W,636.1255474562291,0.2
0.25,0.1,0.25,0.0,0.1,0.2,0.1,9.1932,0.3495,2609.55,Nb-Ta-V-Mo-Ti-W,255.8822749519269,0.16832508230603463
0.25,0.1,0.25,0.0,0.15,0.15,0.1,9.4819,0.349,2657.3,Nb-Ta-V-Mo-Ti-W,313.2673713936533,0.15275252316519466
0.25,0.1,0.25,0.0,0.2,0.15,0.05,9.0334,0.3505,2617.35,Nb-Ta-V-Mo-Ti-W,298.4440359486055,0.18257418583505536
0.25,0.1,0.25,0.05,0.0,0.2,0.15,9.4852,0.343,2613.7,Nb-Ta-V-Cr-Ti-W,333.3616021422825,0.1957890020745122
0.25,0.1,0.25,0.05,0.05,0.2,0.1,9.0367,0.3445,2573.75,Nb-Ta-V-Cr-Mo-Ti-W,315.3207008821296,0.16832508230603463
0.25,0.1,0.25,0.05,0.1,0.15,0.1,9.3254,0.344,2621.5,Nb-Ta-V-Cr-Mo-Ti-W,386.4492134665846,0.13540064007726602
0.25,0.1,0.25,0.05,0.15,0.15,0.05,8.876900000000001,0.3455,2581.55,Nb-Ta-V-Cr-Mo-Ti-W,366.8082327728516,0.15275252316519466
0.25,0.1,0.25,0.05,0.2,0.1,0.05,9.1656,0.345,2629.3,Nb-Ta-V-Cr-Mo-Ti-W,438.8806210542013,0.16832508230603463
0.25,0.1,0.25,0.1,0.05,0.15,0.1,9.1689,0.3389999999999999,2585.7,Nb-Ta-V-Cr-Mo-Ti-W,434.7403820548505,0.15275252316519466
0.25,0.1,0.25,0.1,0.1,0.1,0.1,9.4576,0.3385,2633.45,Nb-Ta-V-Cr-Mo-Ti-W,519.8803916711325,0.13540064007726602
0.25,0.1,0.25,0.1,0.15,0.1,0.05,9.0091,0.34,2593.5,Nb-Ta-V-Cr-Mo-Ti-W,494.4011532937821,0.15275252316519466
0.25,0.1,0.25,0.1,0.2,0.05,0.05,9.2978,0.3395,2641.25,Nb-Ta-V-Cr-Mo-Ti-W,579.6224221659139,0.18257418583505539
0.25,0.1,0.25,0.15,0.05,0.1,0.1,9.3011,0.3335,2597.65,Nb-Ta-V-Cr-Mo-Ti-W,555.3256852758976,0.16832508230603463
0.25,0.1,0.25,0.15,0.15,0.05,0.05,9.1413,0.3345,2605.45,Nb-Ta-V-Cr-Mo-Ti-W,620.813206662475,0.18257418583505536
0.25,0.1,0.3,0.0,0.05,0.2,0.1,8.9847,0.3525,2573.9,Nb-Ta-V-Mo-Ti-W,245.7158491187833,0.19148542155126763
0.25,0.1,0.3,0.0,0.1,0.15,0.1,9.2734,0.352,2621.65,Nb-Ta-V-Mo-Ti-W,305.79011914851014,0.1632993161855452
0.25,0.1,0.3,0.0,0.15,0.15,0.05,8.824900000000001,0.3535,2581.7000000000003,Nb-Ta-V-Mo-Ti-W,289.34740917086765,0.17795130420052185
0.25,0.1,0.3,0.0,0.2,0.1,0.05,9.1136,0.353,2629.45,Nb-Ta-V-Mo-Ti-W,350.61868918354685,0.19148542155126763
0.25,0.1,0.3,0.05,0.05,0.15,0.1,9.1169,0.347,2585.85,Nb-Ta-V-Cr-Mo-Ti-W,359.5534410566449,0.1632993161855452
0.25,0.1,0.3,0.05,0.1,0.1,0.1,9.4056,0.3465,2633.6,Nb-Ta-V-Cr-Mo-Ti-W,434.70461882222935,0.14719601443879743
0.25,0.1,0.3,0.05,0.15,0.1,0.05,8.9571,0.348,2593.65,Nb-Ta-V-Cr-Mo-Ti-W,412.2510242249418,0.1632993161855452
0.25,0.1,0.3,0.05,0.2,0.05,0.05,9.2458,0.3475,2641.4,Nb-Ta-V-Cr-Mo-Ti-W,487.76288750009365,0.19148542155126763
0.25,0.1,0.3,0.1,0.05,0.1,0.1,9.2491,0.3415,2597.8,Nb-Ta-V-Cr-Mo-Ti-W,476.358897428321,0.1632993161855452
0.25,0.1,0.3,0.1,0.15,0.05,0.05,9.0893,0.3425,2605.6000000000004,Nb-Ta-V-Cr-Mo-Ti-W,535.7204915617605,0.17795130420052185
0.25,0.1,0.3,0.15,0.05,0.05,0.1,9.3813,0.336,2609.75,Nb-Ta-V-Cr-Mo-Ti-W,592.066083828642,0.19148542155126763
0.25,0.1,0.35,0.0,0.05,0.15,0.1,9.064900000000002,0.355,2586.0,Nb-Ta-V-Mo-Ti-W,287.67446270236513,0.19999999999999998
0.25,0.1,0.35,0.0,0.1,0.1,0.1,9.3536,0.3545,2633.75,Nb-Ta-V-Mo-Ti-W,352.34518104596003,0.18708286933869706
0.25,0.1,0.35,0.0,0.15,0.1,0.05,8.905100000000001,0.356,2593.8,Nb-Ta-V-Mo-Ti-W,333.0705374129892,0.19999999999999998
0.25,0.1,0.35,0.05,0.05,0.1,0.1,9.1971,0.3495,2597.95,Nb-Ta-V-Cr-Mo-Ti-W,399.79083970047526,0.18708286933869706
0.25,0.1,0.35,0.05,0.1,0.05,0.1,9.4858,0.349,2645.7,Nb-Ta-V-Cr-Mo-Ti-W,477.8615985091949,0.18708286933869706
0.25,0.1,0.35,0.05,0.15,0.05,0.05,9.0373,0.3505,2605.75,Nb-Ta-V-Cr-Mo-Ti-W,452.702015568917,0.19999999999999998
0.25,0.1,0.35,0.1,0.05,0.05,0.1,9.3293,0.344,2609.9,Nb-Ta-V-Cr-Mo-Ti-W,512.448127619179,0.2
0.25,0.15,0.1,0.1,0.15,0.2,0.05,9.3777,0.3335,2624.65,Nb-Ta-V-Cr-Mo-Ti-W,386.1580912896269,0.19148542155126763
0.25,0.15,0.15,0.0,0.15,0.25,0.05,9.1935,0.347,2612.8500000000004,Nb-Ta-V-Mo-Ti-W,168.32968366659497,0.2
0.25,0.15,0.15,0.0,0.2,0.2,0.05,9.4822,0.3465,2660.6000000000004,Nb-Ta-V-Mo-Ti-W,214.58095538350568,0.18708286933869708
0.25,0.15,0.15,0.05,0.05,0.25,0.1,9.4855,0.3405,2617.0,Nb-Ta-V-Cr-Mo-Ti-W,253.5499260359113,0.18708286933869708
0.25,0.15,0.15,0.05,0.1,0.25,0.05,9.037,0.342,2577.05,Nb-Ta-V-Cr-Mo-Ti-W,240.3584358011004,0.18708286933869708
0.25,0.15,0.15,0.05,0.15,0.2,0.05,9.3257,0.3415,2624.8,Nb-Ta-V-Cr-Mo-Ti-W,303.21617431003324,0.15811388300841897
0.25,0.15,0.15,0.05,0.2,0.2,0.0,8.8772,0.3429999999999999,2584.8500000000004,Nb-Ta-V-Cr-Mo-Ti,288.5245459574843,0.2
0.25,0.15,0.15,0.1,0.1,0.2,0.05,9.1692,0.3365,2589.0,Nb-Ta-V-Cr-Mo-Ti-W,366.3726984561397,0.158113883008419
0.25,0.15,0.15,0.1,0.15,0.15,0.05,9.4579,0.336,2636.75,Nb-Ta-V-Cr-Mo-Ti-W,446.9147575854038,0.14142135623730953
0.25,0.15,0.15,0.1,0.2,0.15,0.0,9.0094,0.3375,2596.8,Nb-Ta-V-Cr-Mo-Ti,426.0120072344223,0.18708286933869708
0.25,0.15,0.15,0.15,0.0,0.2,0.1,9.461200000000002,0.33,2593.15,Nb-Ta-V-Cr-Ti-W,429.05582498329824,0.2
0.25,0.15,0.15,0.15,0.1,0.15,0.05,9.3014,0.331,2600.9500000000003,Nb-Ta-V-Cr-Mo-Ti-W,498.31328395246027,0.15811388300841897
0.25,0.15,0.15,0.15,0.2,0.1,0.0,9.1416,0.332,2608.75,Nb-Ta-V-Cr-Mo-Ti,566.8907539843839,0.2
0.25,0.15,0.15,0.2,0.1,0.1,0.05,9.4336,0.3255,2612.9,Nb-Ta-V-Cr-Mo-Ti-W,631.8859067829745,0.18708286933869708
0.25,0.15,0.2,0.0,0.05,0.25,0.1,9.4335,0.3485,2617.15,Nb-Ta-V-Mo-Ti-W,183.859185300616,0.18257418583505536
0.25,0.15,0.2,0.0,0.1,0.25,0.05,8.985000000000001,0.35,2577.2,Nb-Ta-V-Mo-Ti-W,173.78928760903278,0.18257418583505536
0.25,0.15,0.2,0.0,0.15,0.2,0.05,9.2737,0.3495,2624.95,Nb-Ta-V-Mo-Ti-W,224.3034004242005,0.1527525231651947
0.25,0.15,0.2,0.0,0.2,0.2,0.0,8.8252,0.351,2585.0,Nb-Ta-V-Mo-Ti,212.89149595213095,0.1957890020745122
0.25,0.15,0.2,0.05,0.0,0.25,0.1,9.277,0.3435,2581.35,Nb-Ta-V-Cr-Ti-W,241.2107649949463,0.1957890020745122
0.25,0.15,0.2,0.05,0.1,0.2,0.05,9.1172,0.3445,2589.15,Nb-Ta-V-Cr-Mo-Ti-W,292.1156122527219,0.13540064007726604
0.25,0.15,0.2,0.05,0.15,0.15,0.05,9.4059,0.344,2636.9,Nb-Ta-V-Cr-Mo-Ti-W,361.4778414957944,0.11547005383792515
0.25,0.15,0.2,0.05,0.2,0.15,0.0,8.9574,0.3455,2596.9500000000003,Nb-Ta-V-Cr-Mo-Ti,343.7080109251342,0.16832508230603466
0.25,0.15,0.2,0.05,0.25,0.1,0.0,9.246100000000002,0.345,2644.7,Nb-Ta-V-Cr-Mo-Ti,414.7530138906618,0.1957890020745122
0.25,0.15,0.2,0.1,0.0,0.2,0.1,9.409200000000002,0.338,2593.3,Nb-Ta-V-Cr-Ti-W,356.9755867006146,0.16832508230603466
0.25,0.15,0.2,0.1,0.1,0.15,0.05,9.2494,0.339,2601.1,Nb-Ta-V-Cr-Mo-Ti-W,418.72147999684506,0.11547005383792516
0.25,0.15,0.2,0.1,0.2,0.1,0.0,9.0896,0.3399999999999999,2608.9,Nb-Ta-V-Cr-Mo-Ti,480.1688661989124,0.16832508230603466
0.25,0.15,0.2,0.15,0.1,0.1,0.05,9.3816,0.3335,2613.05,Nb-Ta-V-Cr-Mo-Ti-W,548.6653414352744,0.13540064007726602
0.25,0.15,0.2,0.15,0.2,0.05,0.0,9.221800000000002,0.3345,2620.8500000000004,Nb-Ta-V-Cr-Mo-Ti,617.5674754339869,0.1957890020745122
0.25,0.15,0.2,0.2,0.05,0.1,0.05,9.2251,0.3285,2577.25,Nb-Ta-V-Cr-Mo-Ti-W,570.4088827014222,0.1825741858350554
0.25,0.15,0.25,0.0,0.1,0.2,0.05,9.0652,0.3525,2589.3,Nb-Ta-V-Mo-Ti-W,221.88173798447804,0.14719601443879746
0.25,0.15,0.25,0.0,0.15,0.15,0.05,9.3539,0.352,2637.05,Nb-Ta-V-Mo-Ti-W,279.5261335305162,0.12909944487358055
0.25,0.15,0.25,0.0,0.2,0.15,0.0,8.9054,0.3535,2597.1,Nb-Ta-V-Mo-Ti,265.032421139683,0.17795130420052185
0.25,0.15,0.25,0.05,0.0,0.2,0.1,9.3572,0.346,2593.45,Nb-Ta-V-Cr-Ti-W,288.13666039328234,0.16329931618554522
0.25,0.15,0.25,0.05,0.1,0.15,0.05,9.197400000000002,0.347,2601.25,Nb-Ta-V-Cr-Mo-Ti-W,342.00068151443406,0.10801234497346433
0.25,0.15,0.25,0.05,0.15,0.1,0.05,9.4861,0.3465,2649.0,Nb-Ta-V-Cr-Mo-Ti-W,416.7494954943455,0.10801234497346433
0.25,0.15,0.25,0.05,0.2,0.1,0.0,9.0376,0.348,2609.05,Nb-Ta-V-Cr-Mo-Ti,395.9496215466799,0.16329931618554522
0.25,0.15,0.25,0.1,0.0,0.15,0.1,9.4894,0.3405,2605.4,Nb-Ta-V-Cr-Ti-W,404.3170662651521,0.14719601443879746
0.25,0.15,0.25,0.1,0.1,0.1,0.05,9.3296,0.3415,2613.2,Nb-Ta-V-Cr-Mo-Ti-W,467.4489287309036,0.10801234497346433
0.25,0.15,0.25,0.1,0.15,0.1,0.0,8.8811,0.343,2573.25,Nb-Ta-V-Cr-Mo-Ti,442.3599410072299,0.14719601443879746
0.25,0.15,0.25,0.1,0.2,0.05,0.0,9.1698,0.3425,2621.0,Nb-Ta-V-Cr-Mo-Ti,529.7167876437395,0.17795130420052185
0.25,0.15,0.25,0.15,0.05,0.1,0.05,9.173100000000002,0.3365,2577.4,Nb-Ta-V-Cr-Mo-Ti-W,495.0697991217049,0.14719601443879746
0.25,0.15,0.25,0.15,0.1,0.05,0.05,9.4618,0.3359999999999999,2625.15,Nb-Ta-V-Cr-Mo-Ti-W,593.8838581145465,0.14719601443879746
0.25,0.15,0.25,0.15,0.15,0.05,0.0,9.0133,0.3375,2585.2,Nb-Ta-V-Cr-Mo-Ti,563.1397999412395,0.17795130420052185
0.25,0.15,0.25,0.2,0.05,0.05,0.05,9.3053,0.331,2589.35,Nb-Ta-V-Cr-Mo-Ti-W,608.8235098277308,0.19148542155126766
0.25,0.15,0.3,0.0,0.0,0.2,0.1,9.3052,0.354,2593.6000000000004,Nb-Ta-V-Ti-W,223.251860790626,0.18708286933869708
0.25,0.15,0.3,0.0,0.1,0.15,0.05,9.1454,0.355,2601.4,Nb-Ta-V-Mo-Ti-W,268.8785132741762,0.1414213562373095
0.25,0.15,0.3,0.0,0.15,0.1,0.05,9.4341,0.3545,2649.15,Nb-Ta-V-Mo-Ti-W,332.5046506393515,0.1414213562373095
0.25,0.15,0.3,0.0,0.2,0.1,0.0,8.985600000000002,0.356,2609.2,Nb-Ta-V-Mo-Ti,314.96318164076723,0.18708286933869708
0.25,0.15,0.3,0.05,0.0,0.15,0.1,9.4374,0.3485,2605.55,Nb-Ta-V-Cr-Ti-W,333.04758034203644,0.15811388300841897
0.25,0.15,0.3,0.05,0.1,0.1,0.05,9.2776,0.3495,2613.35,Nb-Ta-V-Cr-Mo-Ti-W,388.8309171329292,0.1224744871391589
0.25,0.15,0.3,0.05,0.15,0.1,0.0,8.8291,0.351,2573.4,Nb-Ta-V-Cr-Mo-Ti,366.74579219238456,0.15811388300841897
0.25,0.15,0.3,0.05,0.2,0.05,0.0,9.1178,0.3505,2621.15,Nb-Ta-V-Cr-Mo-Ti,444.1202443293897,0.18708286933869708
0.25,0.15,0.3,0.1,0.05,0.1,0.05,9.1211,0.3445,2577.55,Nb-Ta-V-Cr-Mo-Ti-W,421.99711274700365,0.1414213562373095
0.25,0.15,0.3,0.1,0.1,0.05,0.05,9.4098,0.344,2625.3,Nb-Ta-V-Cr-Mo-Ti-W,511.52357677155817,0.1414213562373095
0.25,0.15,0.3,0.1,0.15,0.05,0.0,8.961300000000001,0.3455,2585.3500000000004,Nb-Ta-V-Cr-Mo-Ti,483.6104049604788,0.17320508075688773
0.25,0.15,0.3,0.15,0.05,0.05,0.05,9.2533,0.3389999999999999,2589.5,Nb-Ta-V-Cr-Mo-Ti-W,532.4927149433861,0.17320508075688773
0.25,0.15,0.35,0.0,0.0,0.15,0.1,9.3854,0.3565,2605.7,Nb-Ta-V-Ti-W,265.3782202718627,0.19578900207451216
0.25,0.15,0.35,0.0,0.1,0.1,0.05,9.2256,0.3575,2613.5,Nb-Ta-V-Mo-Ti-W,313.47725904484054,0.16832508230603463
0.25,0.15,0.35,0.0,0.15,0.1,0.0,8.7771,0.359,2573.55,Nb-Ta-V-Mo-Ti,294.5399991680166,0.19578900207451216
0.25,0.15,0.35,0.05,0.05,0.1,0.05,9.0691,0.3525,2577.7,Nb-Ta-V-Cr-Mo-Ti-W,351.75545277436163,0.16832508230603463
0.25,0.15,0.35,0.05,0.1,0.05,0.05,9.3578,0.352,2625.45,Nb-Ta-V-Cr-Mo-Ti-W,431.5321788721265,0.16832508230603463
0.25,0.15,0.35,0.05,0.15,0.05,0.0,8.9093,0.3535,2585.5,Nb-Ta-V-Cr-Mo-Ti,406.59902031258457,0.19578900207451216
0.25,0.15,0.35,0.1,0.05,0.05,0.05,9.2013,0.347,2589.65,Nb-Ta-V-Cr-Mo-Ti-W,458.2416623228865,0.18257418583505536
0.25,0.15,0.35,0.1,0.1,0.0,0.05,9.49,0.3465,2637.4,Nb-Ta-V-Cr-Mo-W,549.9747468236542,0.19578900207451216
0.25,0.2,0.1,0.1,0.15,0.2,0.0,9.2497,0.3365,2604.4,Nb-Ta-V-Cr-Mo-Ti,336.29919965949654,0.2
0.25,0.2,0.1,0.15,0.15,0.15,0.0,9.3819,0.331,2616.3500000000004,Nb-Ta-V-Cr-Mo-Ti,474.8680945542369,0.19999999999999998
0.25,0.2,0.15,0.0,0.2,0.2,0.0,9.3542,0.3495,2640.3500000000004,Nb-Ta-V-Mo-Ti,185.50891533106747,0.1957890020745122
0.25,0.2,0.15,0.05,0.05,0.25,0.05,9.357500000000002,0.3435,2596.75,Nb-Ta-V-Cr-Mo-Ti-W,212.660154529656,0.18257418583505536
0.25,0.2,0.15,0.05,0.15,0.2,0.0,9.1977,0.3445,2604.55,Nb-Ta-V-Cr-Mo-Ti,261.6063901345403,0.16832508230603463
0.25,0.2,0.15,0.05,0.2,0.15,0.0,9.4864,0.344,2652.3,Nb-Ta-V-Cr-Mo-Ti,327.5410799000954,0.16832508230603466
0.25,0.2,0.15,0.1,0.05,0.2,0.05,9.4897,0.3379999999999999,2608.7,Nb-Ta-V-Cr-Mo-Ti-W,332.48289499754725,0.1527525231651947
0.25,0.2,0.15,0.1,0.15,0.15,0.0,9.3299,0.339,2616.5,Nb-Ta-V-Cr-Mo-Ti,393.9957403231203,0.15275252316519466
0.25,0.2,0.15,0.15,0.1,0.15,0.0,9.1734,0.334,2580.7,Nb-Ta-V-Cr-Mo-Ti,436.14247843485737,0.16832508230603463
0.25,0.2,0.15,0.15,0.15,0.1,0.0,9.4621,0.3335,2628.45,Nb-Ta-V-Cr-Mo-Ti,531.9958112336451,0.16832508230603463
0.25,0.2,0.15,0.2,0.1,0.1,0.0,9.3056,0.3285,2592.65,Nb-Ta-V-Cr-Mo-Ti,562.1931350149405,0.1957890020745122
0.25,0.2,0.2,0.0,0.05,0.25,0.05,9.305500000000002,0.3515,2596.9,Nb-Ta-V-Mo-Ti-W,151.90757311634505,0.17795130420052185
0.25,0.2,0.2,0.0,0.15,0.2,0.0,9.1457,0.3525,2604.7,Nb-Ta-V-Mo-Ti,191.4170903984157,0.16329931618554522
0.25,0.2,0.2,0.0,0.2,0.15,0.0,9.4344,0.352,2652.4500000000003,Nb-Ta-V-Mo-Ti,244.93919232136187,0.16329931618554522
0.25,0.2,0.2,0.05,0.05,0.2,0.05,9.4377,0.346,2608.8500000000004,Nb-Ta-V-Cr-Mo-Ti-W,263.1899409031604,0.12909944487358058
0.25,0.2,0.2,0.05,0.15,0.15,0.0,9.2779,0.347,2616.65,Nb-Ta-V-Cr-Mo-Ti,316.2720654815015,0.12909944487358055
0.25,0.2,0.2,0.1,0.1,0.15,0.0,9.1214,0.342,2580.8500000000004,Nb-Ta-V-Cr-Mo-Ti,363.5448512326148,0.12909944487358055
0.25,0.2,0.2,0.1,0.15,0.1,0.0,9.4101,0.3415,2628.6,Nb-Ta-V-Cr-Mo-Ti,449.0280426894912,0.12909944487358055
0.25,0.2,0.2,0.15,0.0,0.15,0.05,9.4134,0.3355,2585.0,Nb-Ta-V-Cr-Ti-W,414.0443824195856,0.1632993161855452
0.25,0.2,0.2,0.15,0.1,0.1,0.0,9.2536,0.3365,2592.8,Nb-Ta-V-Cr-Mo-Ti,485.0162206216236,0.14719601443879746
0.25,0.2,0.2,0.2,0.1,0.05,0.0,9.3858,0.331,2604.75,Nb-Ta-V-Cr-Mo-Ti,608.2853379762681,0.19148542155126763
0.25,0.2,0.25,0.0,0.05,0.2,0.05,9.3857,0.354,2609.0,Nb-Ta-V-Mo-Ti-W,198.24161304290575,0.14142135623730953
0.25,0.2,0.25,0.0,0.15,0.15,0.0,9.2259,0.355,2616.8,Nb-Ta-V-Mo-Ti,242.50819004587325,0.1414213562373095
0.25,0.2,0.25,0.05,0.0,0.2,0.05,9.2292,0.349,2573.2,Nb-Ta-V-Cr-Ti-W,240.8339221036043,0.15811388300841897
0.25,0.2,0.25,0.05,0.1,0.15,0.0,9.069400000000002,0.35,2581.0,Nb-Ta-V-Cr-Mo-Ti,294.26732716850364,0.1224744871391589
0.25,0.2,0.25,0.05,0.15,0.1,0.0,9.3581,0.3495,2628.75,Nb-Ta-V-Cr-Mo-Ti,368.888426150333,0.1224744871391589
0.25,0.2,0.25,0.1,0.0,0.15,0.05,9.3614,0.3435,2585.15,Nb-Ta-V-Cr-Ti-W,346.65471094601526,0.14142135623730953
0.25,0.2,0.25,0.1,0.1,0.1,0.0,9.2016,0.3445,2592.95,Nb-Ta-V-Cr-Mo-Ti,410.2920255361553,0.12247448713915891
0.25,0.2,0.25,0.1,0.15,0.05,0.0,9.4903,0.344,2640.7,Nb-Ta-V-Cr-Mo-Ti,500.3080125884606,0.1414213562373095
0.25,0.2,0.25,0.15,0.0,0.1,0.05,9.4936,0.338,2597.1,Nb-Ta-V-Cr-Ti-W,458.0842143989547,0.15811388300841897
0.25,0.2,0.25,0.15,0.1,0.05,0.0,9.3338,0.339,2604.9,Nb-Ta-V-Cr-Mo-Ti,529.6583315595002,0.15811388300841897
0.25,0.2,0.3,0.0,0.0,0.2,0.05,9.1772,0.357,2573.3500000000004,Nb-Ta-V-Ti-W,184.07177349538028,0.18257418583505536
0.25,0.2,0.3,0.0,0.05,0.15,0.05,9.4659,0.3565,2621.1,Nb-Ta-V-Mo-Ti-W,244.40184217993425,0.13540064007726602
0.25,0.2,0.3,0.0,0.1,0.15,0.0,9.0174,0.358,2581.15,Nb-Ta-V-Mo-Ti,229.0169276168432,0.15275252316519466
0.25,0.2,0.3,0.0,0.15,0.1,0.0,9.3061,0.3575,2628.9,Nb-Ta-V-Mo-Ti,292.2992929704143,0.15275252316519466
0.25,0.2,0.3,0.05,0.0,0.15,0.05,9.3094,0.3515,2585.3,Nb-Ta-V-Cr-Ti-W,282.63965292368727,0.15275252316519466
0.25,0.2,0.3,0.05,0.1,0.1,0.0,9.1496,0.3525,2593.1,Nb-Ta-V-Cr-Mo-Ti,338.6146938894439,0.13540064007726602
0.25,0.2,0.3,0.05,0.15,0.05,0.0,9.4383,0.352,2640.8500000000004,Nb-Ta-V-Cr-Mo-Ti,418.2962168741796,0.15275252316519466
0.25,0.2,0.3,0.1,0.0,0.1,0.05,9.4416,0.346,2597.25,Nb-Ta-V-Cr-Ti-W,388.5616047826673,0.15275252316519466
0.25,0.2,0.3,0.1,0.1,0.05,0.0,9.2818,0.347,2605.05,Nb-Ta-V-Cr-Mo-Ti,453.2802519618525,0.15275252316519466
0.25,0.2,0.3,0.15,0.1,0.0,0.0,9.414,0.3415,2617.0,Nb-Ta-V-Cr-Mo,569.1327089571864,0.19578900207451216
0.25,0.2,0.35,0.0,0.0,0.15,0.05,9.2574,0.3595,2585.45,Nb-Ta-V-Ti-W,222.62603675385265,0.19148542155126763
0.25,0.2,0.35,0.0,0.1,0.1,0.0,9.0976,0.3605,2593.25,Nb-Ta-V-Mo-Ti,270.63761622142493,0.17795130420052185
0.25,0.2,0.35,0.0,0.15,0.05,0.0,9.3863,0.36,2641.0,Nb-Ta-V-Mo-Ti,339.5134704036829,0.1914854215512676
0.25,0.2,0.35,0.05,0.0,0.1,0.05,9.389600000000002,0.354,2597.4,Nb-Ta-V-Cr-Ti-W,322.1689383168781,0.17795130420052185
0.25,0.2,0.35,0.05,0.1,0.05,0.0,9.2298,0.355,2605.2,Nb-Ta-V-Cr-Mo-Ti,379.7188238461131,0.17795130420052185
0.25,0.25,0.15,0.1,0.05,0.2,0.0,9.3617,0.341,2588.45,Nb-Ta-V-Cr-Mo-Ti,278.04574641017825,0.17795130420052188
0.25,0.25,0.15,0.15,0.05,0.15,0.0,9.4939,0.3355,2600.4,Nb-Ta-V-Cr-Mo-Ti,394.9126863029152,0.17795130420052185
0.25,0.25,0.2,0.0,0.05,0.25,0.0,9.177500000000002,0.3545,2576.65,Nb-Ta-V-Mo-Ti,120.00513968004108,0.2
0.25,0.25,0.2,0.0,0.1,0.2,0.0,9.4662,0.354,2624.4,Nb-Ta-V-Mo-Ti,167.709223999071,0.15811388300841897
0.25,0.25,0.2,0.05,0.05,0.2,0.0,9.3097,0.349,2588.6000000000004,Nb-Ta-V-Cr-Mo-Ti,217.07140220326983,0.15811388300841897
0.25,0.25,0.2,0.1,0.05,0.15,0.0,9.4419,0.3435,2600.55,Nb-Ta-V-Cr-Mo-Ti,326.8469098959732,0.1414213562373095
0.25,0.25,0.25,0.0,0.05,0.2,0.0,9.2577,0.357,2588.75,Nb-Ta-V-Mo-Ti,160.8306834521397,0.16832508230603463
0.25,0.25,0.25,0.05,0.05,0.15,0.0,9.3899,0.3515,2600.7,Nb-Ta-V-Cr-Mo-Ti,262.42163488485755,0.13540064007726602
0.25,0.25,0.25,0.15,0.0,0.1,0.0,9.3656,0.341,2576.85,Nb-Ta-V-Cr-Ti,389.1806991838465,0.18257418583505536
0.25,0.25,0.3,0.0,0.05,0.15,0.0,9.3379,0.3595,2600.85,Nb-Ta-V-Mo-Ti,202.31884190662464,0.1632993161855452
0.25,0.25,0.3,0.05,0.05,0.1,0.0,9.4701,0.354,2612.8,Nb-Ta-V-Cr-Mo-Ti,306.42614091064354,0.14719601443879746
0.25,0.25,0.3,0.1,0.0,0.1,0.0,9.3136,0.349,2577.0,Nb-Ta-V-Cr-Ti,326.43565803263544,0.17795130420052185
0.25,0.25,0.35,0.0,0.05,0.1,0.0,9.4181,0.362,2612.95,Nb-Ta-V-Mo-Ti,243.11595922734983,0.18708286933869706
0.25,0.25,0.35,0.05,0.0,0.1,0.0,9.2616,0.357,2577.15,Nb-Ta-V-Cr-Ti,267.2385806175209,0.19999999999999998
0.3,0.05,0.2,0.05,0.15,0.15,0.1,9.1279,0.344,2630.15,Nb-Ta-V-Cr-Mo-Ti-W,383.57464567657945,0.2
0.3,0.05,0.2,0.1,0.1,0.15,0.1,8.971400000000001,0.339,2594.35,Nb-Ta-V-Cr-Mo-Ti-W,446.43167366429617,0.2
0.3,0.05,0.2,0.1,0.15,0.1,0.1,9.2601,0.3384999999999999,2642.1,Nb-Ta-V-Cr-Mo-Ti-W,528.8807127005365,0.2
0.3,0.05,0.25,0.05,0.1,0.15,0.1,8.919400000000001,0.347,2594.5,Nb-Ta-V-Cr-Mo-Ti-W,365.4356374308836,0.19578900207451216
0.3,0.05,0.25,0.05,0.15,0.1,0.1,9.2081,0.3465,2642.25,Nb-Ta-V-Cr-Mo-Ti-W,437.56941218317,0.19578900207451216
0.3,0.05,0.25,0.1,0.1,0.1,0.1,9.0516,0.3414999999999999,2606.45,Nb-Ta-V-Cr-Mo-Ti-W,493.23109546012034,0.1957890020745122
0.3,0.1,0.15,0.05,0.1,0.2,0.1,9.3682,0.3429999999999999,2637.75,Nb-Ta-V-Cr-Mo-Ti-W,301.6339025065544,0.18708286933869708
0.3,0.1,0.15,0.05,0.15,0.2,0.05,8.919699999999999,0.3445,2597.8,Nb-Ta-V-Cr-Mo-Ti-W,286.8539535050612,0.2
0.3,0.1,0.15,0.05,0.2,0.15,0.05,9.2084,0.344,2645.55,Nb-Ta-V-Cr-Mo-Ti-W,351.8005702418993,0.2
0.3,0.1,0.15,0.1,0.05,0.2,0.1,9.2117,0.338,2601.95,Nb-Ta-V-Cr-Mo-Ti-W,365.12055259870937,0.2
0.3,0.1,0.15,0.1,0.15,0.15,0.05,9.0519,0.3389999999999999,2609.75,Nb-Ta-V-Cr-Mo-Ti-W,424.4817295810275,0.18708286933869706
0.3,0.1,0.15,0.1,0.2,0.1,0.05,9.3406,0.3385,2657.5,Nb-Ta-V-Cr-Mo-Ti-W,506.4177084529692,0.2
0.3,0.1,0.15,0.15,0.05,0.15,0.1,9.3439,0.3325,2613.9,Nb-Ta-V-Cr-Mo-Ti-W,497.2347218716493,0.19999999999999998
0.3,0.1,0.15,0.15,0.1,0.15,0.05,8.8954,0.334,2573.95,Nb-Ta-V-Cr-Mo-Ti-W,471.9231458279558,0.19999999999999998
0.3,0.1,0.15,0.15,0.15,0.1,0.05,9.1841,0.3335,2621.7000000000003,Nb-Ta-V-Cr-Mo-Ti-W,565.6014410116577,0.19999999999999998
0.3,0.1,0.2,0.0,0.1,0.2,0.1,9.3162,0.351,2637.9,Nb-Ta-V-Mo-Ti-W,222.5859230846821,0.18257418583505536
0.3,0.1,0.2,0.0,0.15,0.2,0.05,8.8677,0.3524999999999999,2597.95,Nb-Ta-V-Mo-Ti-W,211.123565621259,0.19578900207451216
0.3,0.1,0.2,0.0,0.2,0.15,0.05,9.1564,0.352,2645.7000000000003,Nb-Ta-V-Mo-Ti-W,263.9170848250152,0.19578900207451216
0.3,0.1,0.2,0.05,0.05,0.2,0.1,9.1597,0.346,2602.1000000000004,Nb-Ta-V-Cr-Mo-Ti-W,290.6594901655878,0.18257418583505536
0.3,0.1,0.2,0.05,0.1,0.15,0.1,9.4484,0.3455,2649.85,Nb-Ta-V-Cr-Mo-Ti-W,359.87133279457106,0.15275252316519464
0.3,0.1,0.2,0.05,0.15,0.15,0.05,8.9999,0.347,2609.9,Nb-Ta-V-Cr-Mo-Ti-W,341.96760944769693,0.16832508230603463
0.3,0.1,0.2,0.05,0.2,0.1,0.05,9.2886,0.3465,2657.65,Nb-Ta-V-Cr-Mo-Ti-W,412.9553558199101,0.18257418583505536
0.3,0.1,0.2,0.1,0.05,0.15,0.1,9.291900000000002,0.3405,2614.05,Nb-Ta-V-Cr-Mo-Ti-W,417.3437755442272,0.16832508230603463
0.3,0.1,0.2,0.1,0.1,0.15,0.05,8.8434,0.3419999999999999,2574.1,Nb-Ta-V-Cr-Mo-Ti-W,394.9515460994308,0.16832508230603463
0.3,0.1,0.2,0.1,0.15,0.1,0.05,9.1321,0.3414999999999999,2621.85,Nb-Ta-V-Cr-Mo-Ti-W,478.5649751416089,0.16832508230603463
0.3,0.1,0.2,0.1,0.2,0.05,0.05,9.4208,0.341,2669.6000000000004,Nb-Ta-V-Cr-Mo-Ti-W,564.8579614822287,0.1957890020745122
0.3,0.1,0.2,0.15,0.05,0.1,0.1,9.4241,0.335,2626.0,Nb-Ta-V-Cr-Mo-Ti-W,547.4601385955741,0.18257418583505536
0.3,0.1,0.2,0.15,0.1,0.1,0.05,8.9756,0.3365,2586.05,Nb-Ta-V-Cr-Mo-Ti-W,519.2190917228007,0.18257418583505536
0.3,0.1,0.2,0.15,0.15,0.05,0.05,9.2643,0.3359999999999999,2633.8,Nb-Ta-V-Cr-Mo-Ti-W,616.2161379526095,0.19578900207451216
0.3,0.1,0.25,0.0,0.05,0.2,0.1,9.1077,0.354,2602.25,Nb-Ta-V-Mo-Ti-W,220.31468737049087,0.19148542155126763
0.3,0.1,0.25,0.0,0.1,0.15,0.1,9.396400000000002,0.3535,2650.0,Nb-Ta-V-Mo-Ti-W,277.771038988906,0.1632993161855452
0.3,0.1,0.25,0.0,0.15,0.15,0.05,8.9479,0.355,2610.05,Nb-Ta-V-Mo-Ti-W,263.18113076055795,0.17795130420052185
0.3,0.1,0.25,0.0,0.2,0.1,0.05,9.2366,0.3545,2657.8,Nb-Ta-V-Mo-Ti-W,322.65252016487165,0.19148542155126763
0.3,0.1,0.25,0.05,0.05,0.15,0.1,9.2399,0.3485,2614.2,Nb-Ta-V-Cr-Mo-Ti-W,340.4107934618673,0.1632993161855452
0.3,0.1,0.25,0.05,0.1,0.15,0.05,8.791400000000001,0.35,2574.25,Nb-Ta-V-Cr-Mo-Ti-W,321.0742640660945,0.1632993161855452
0.3,0.1,0.25,0.05,0.15,0.1,0.05,9.0801,0.3495,2622.0,Nb-Ta-V-Cr-Mo-Ti-W,394.12271100411874,0.1632993161855452
0.3,0.1,0.25,0.05,0.2,0.05,0.05,9.3688,0.349,2669.75,Nb-Ta-V-Cr-Mo-Ti-W,470.0417708812833,0.19148542155126763
0.3,0.1,0.25,0.1,0.0,0.15,0.1,9.0834,0.3435,2578.4,Nb-Ta-V-Cr-Ti-W,379.6682193259757,0.19148542155126763
0.3,0.1,0.25,0.1,0.05,0.1,0.1,9.3721,0.343,2626.15,Nb-Ta-V-Cr-Mo-Ti-W,465.9314957513391,0.1632993161855452
0.3,0.1,0.25,0.1,0.1,0.1,0.05,8.9236,0.3445,2586.2,Nb-Ta-V-Cr-Mo-Ti-W,440.5833392603241,0.1632993161855452
0.3,0.1,0.25,0.1,0.15,0.05,0.05,9.2123,0.344,2633.95,Nb-Ta-V-Cr-Mo-Ti-W,528.0341897554449,0.17795130420052185
0.3,0.1,0.25,0.15,0.1,0.05,0.05,9.0558,0.339,2598.15,Nb-Ta-V-Cr-Mo-Ti-W,561.4700220060585,0.19148542155126763
0.3,0.1,0.3,0.0,0.05,0.15,0.1,9.1879,0.3565,2614.35,Nb-Ta-V-Mo-Ti-W,267.1698497264408,0.18708286933869703
0.3,0.1,0.3,0.0,0.1,0.1,0.1,9.4766,0.356,2662.1,Nb-Ta-V-Mo-Ti-W,330.697107220217,0.1732050807568877
0.3,0.1,0.3,0.0,0.1,0.15,0.05,8.739400000000002,0.358,2574.4,Nb-Ta-V-Mo-Ti-W,251.0239524778775,0.18708286933869703
0.3,0.1,0.3,0.0,0.15,0.1,0.05,9.0281,0.3575,2622.15,Nb-Ta-V-Mo-Ti-W,313.01212971502565,0.18708286933869703
0.3,0.1,0.3,0.05,0.0,0.15,0.1,9.0314,0.3515,2578.55,Nb-Ta-V-Cr-Ti-W,311.14212040381807,0.19999999999999998
0.3,0.1,0.3,0.05,0.05,0.1,0.1,9.3201,0.351,2626.3,Nb-Ta-V-Cr-Mo-Ti-W,387.08994087152047,0.1732050807568877
0.3,0.1,0.3,0.05,0.1,0.1,0.05,8.8716,0.3525,2586.35,Nb-Ta-V-Cr-Mo-Ti-W,364.7802559267864,0.1732050807568877
0.3,0.1,0.3,0.05,0.15,0.05,0.05,9.1603,0.352,2634.1000000000004,Nb-Ta-V-Cr-Mo-Ti-W,442.1990096469581,0.18708286933869706
0.3,0.1,0.3,0.1,0.0,0.1,0.1,9.1636,0.346,2590.5,Nb-Ta-V-Cr-Ti-W,420.2492481587744,0.19999999999999998
0.3,0.1,0.3,0.1,0.05,0.05,0.1,9.4523,0.3455,2638.25,Nb-Ta-V-Cr-Mo-Ti-W,509.8631013326949,0.18708286933869706
0.3,0.1,0.3,0.1,0.1,0.05,0.05,9.003800000000002,0.347,2598.3,Nb-Ta-V-Cr-Mo-Ti-W,481.6416962459082,0.18708286933869706
0.3,0.15,0.1,0.05,0.15,0.2,0.05,9.4487,0.3429999999999999,2653.15,Nb-Ta-V-Cr-Mo-Ti-W,262.31683036926944,0.2
0.3,0.15,0.1,0.1,0.1,0.2,0.05,9.2922,0.338,2617.35,Nb-Ta-V-Cr-Mo-Ti-W,334.74684151577816,0.2
0.3,0.15,0.1,0.15,0.1,0.15,0.05,9.4244,0.3325,2629.3,Nb-Ta-V-Cr-Mo-Ti-W,473.4497070426152,0.2
0.3,0.15,0.15,0.0,0.15,0.2,0.05,9.3967,0.351,2653.3,Nb-Ta-V-Mo-Ti-W,183.4817785350706,0.18257418583505536
0.3,0.15,0.15,0.05,0.1,0.2,0.05,9.2402,0.346,2617.5,Nb-Ta-V-Cr-Mo-Ti-W,259.88114139468445,0.16832508230603463
0.3,0.15,0.15,0.05,0.15,0.2,0.0,8.7917,0.3475,2577.55,Nb-Ta-V-Cr-Mo-Ti,245.71879524820727,0.1957890020745122
0.3,0.15,0.15,0.05,0.2,0.15,0.0,9.0804,0.347,2625.3,Nb-Ta-V-Cr-Mo-Ti,309.90365486669174,0.1957890020745122
0.3,0.15,0.15,0.1,0.05,0.2,0.05,9.0837,0.341,2581.7,Nb-Ta-V-Cr-Mo-Ti-W,312.5981634302311,0.18257418583505539
0.3,0.15,0.15,0.1,0.1,0.15,0.05,9.3724,0.3405,2629.45,Nb-Ta-V-Cr-Mo-Ti-W,392.3055670056288,0.15275252316519466
0.3,0.15,0.15,0.1,0.15,0.15,0.0,8.9239,0.3419999999999999,2589.5,Nb-Ta-V-Cr-Mo-Ti,371.8360106668976,0.18257418583505536
0.3,0.15,0.15,0.1,0.2,0.1,0.0,9.212600000000002,0.3415,2637.25,Nb-Ta-V-Cr-Mo-Ti,453.9335434429317,0.1957890020745122
0.3,0.15,0.15,0.15,0.05,0.15,0.05,9.2159,0.3355,2593.65,Nb-Ta-V-Cr-Mo-Ti-W,434.6626440901876,0.18257418583505536
0.3,0.15,0.15,0.15,0.15,0.1,0.0,9.0561,0.3364999999999999,2601.4500000000003,Nb-Ta-V-Cr-Mo-Ti,503.8375183106931,0.19578900207451216
0.3,0.15,0.2,0.0,0.1,0.2,0.05,9.1882,0.354,2617.65,Nb-Ta-V-Mo-Ti-W,189.6194097986975,0.16329931618554522
0.3,0.15,0.2,0.0,0.15,0.15,0.05,9.4769,0.3534999999999999,2665.4,Nb-Ta-V-Mo-Ti-W,242.8534836399414,0.14719601443879743
0.3,0.15,0.2,0.0,0.15,0.2,0.0,8.739700000000001,0.3555,2577.7,Nb-Ta-V-Mo-Ti,178.69546098566838,0.19148542155126763
0.3,0.15,0.2,0.0,0.2,0.15,0.0,9.0284,0.355,2625.4500000000003,Nb-Ta-V-Mo-Ti,230.5877504800124,0.19148542155126763
0.3,0.15,0.2,0.05,0.0,0.2,0.1,9.4802,0.3475,2621.8,Nb-Ta-V-Cr-Ti-W,261.7055153439913,0.17795130420052185
0.3,0.15,0.2,0.05,0.05,0.2,0.05,9.0317,0.349,2581.8500000000004,Nb-Ta-V-Cr-Mo-Ti-W,246.1397295830396,0.16329931618554522
0.3,0.15,0.2,0.05,0.1,0.15,0.05,9.3204,0.3485,2629.6,Nb-Ta-V-Cr-Mo-Ti-W,314.400492452796,0.12909944487358055
0.3,0.15,0.2,0.05,0.15,0.15,0.0,8.8719,0.35,2589.65,Nb-Ta-V-Cr-Mo-Ti,297.0596697012831,0.1632993161855452
0.3,0.15,0.2,0.05,0.2,0.1,0.0,9.160600000000002,0.3495,2637.4,Nb-Ta-V-Cr-Mo-Ti,367.9790351686309,0.17795130420052185
0.3,0.15,0.2,0.1,0.05,0.15,0.05,9.163900000000002,0.3435,2593.8,Nb-Ta-V-Cr-Mo-Ti-W,361.82701636842864,0.14719601443879746
0.3,0.15,0.2,0.1,0.1,0.1,0.05,9.4526,0.3429999999999999,2641.55,Nb-Ta-V-Cr-Mo-Ti-W,447.17431240083033,0.12909944487358055
0.3,0.15,0.2,0.1,0.15,0.1,0.0,9.004100000000001,0.3445,2601.6,Nb-Ta-V-Cr-Mo-Ti,423.55436524573713,0.1632993161855452
0.3,0.15,0.2,0.1,0.2,0.05,0.0,9.292800000000002,0.344,2649.3500000000004,Nb-Ta-V-Cr-Mo-Ti,510.78272144731056,0.19148542155126763
0.3,0.15,0.2,0.15,0.05,0.1,0.05,9.2961,0.338,2605.75,Nb-Ta-V-Cr-Mo-Ti-W,483.26575935989257,0.1632993161855452
0.3,0.15,0.2,0.15,0.15,0.05,0.0,9.1363,0.3389999999999999,2613.55,Nb-Ta-V-Cr-Mo-Ti,553.4959517409764,0.19148542155126763
0.3,0.15,0.25,0.0,0.0,0.2,0.1,9.4282,0.3555,2621.95,Nb-Ta-V-Ti-W,196.6682471365095,0.18708286933869708
0.3,0.15,0.25,0.0,0.05,0.2,0.05,8.979700000000001,0.357,2582.0,Nb-Ta-V-Mo-Ti-W,184.214328757756,0.17320508075688776
0.3,0.15,0.25,0.0,0.1,0.15,0.05,9.2684,0.3565,2629.75,Nb-Ta-V-Mo-Ti-W,240.5536150683484,0.1414213562373095
0.3,0.15,0.25,0.0,0.15,0.15,0.0,8.8199,0.358,2589.8,Nb-Ta-V-Mo-Ti,226.47212944297272,0.17320508075688773
0.3,0.15,0.25,0.0,0.2,0.1,0.0,9.1086,0.3575,2637.55,Nb-Ta-V-Mo-Ti,285.6887709680171,0.18708286933869708
0.3,0.15,0.25,0.05,0.05,0.15,0.05,9.1119,0.3515,2593.95,Nb-Ta-V-Cr-Mo-Ti-W,292.4010053148842,0.1414213562373095
0.3,0.15,0.25,0.05,0.1,0.1,0.05,9.4006,0.351,2641.7,Nb-Ta-V-Cr-Mo-Ti-W,366.8426658997601,0.1224744871391589
0.3,0.15,0.25,0.05,0.15,0.1,0.0,8.9521,0.3525,2601.75,Nb-Ta-V-Cr-Mo-Ti,346.33655385858106,0.15811388300841897
0.3,0.15,0.25,0.05,0.2,0.05,0.0,9.2408,0.352,2649.5,Nb-Ta-V-Cr-Mo-Ti,422.9349683052316,0.18708286933869708
0.3,0.15,0.25,0.1,0.05,0.1,0.05,9.2441,0.346,2605.9,Nb-Ta-V-Cr-Mo-Ti-W,408.29236423226166,0.14142135623730953
0.3,0.15,0.25,0.1,0.15,0.05,0.0,9.0843,0.347,2613.7,Nb-Ta-V-Cr-Mo-Ti,471.5549506854503,0.17320508075688773
0.3,0.15,0.25,0.15,0.05,0.05,0.05,9.3763,0.3405,2617.85,Nb-Ta-V-Cr-Mo-Ti-W,527.6239952675114,0.17320508075688776
0.3,0.15,0.25,0.15,0.1,0.05,0.0,8.927800000000001,0.3419999999999999,2577.9,Nb-Ta-V-Cr-Mo-Ti,497.0108626277285,0.18708286933869708
0.3,0.15,0.3,0.0,0.05,0.15,0.05,9.0599,0.3595,2594.1,Nb-Ta-V-Mo-Ti-W,227.09746693623725,0.16832508230603463
0.3,0.15,0.3,0.0,0.1,0.1,0.05,9.3486,0.359,2641.85,Nb-Ta-V-Mo-Ti-W,290.160047142382,0.15275252316519466
0.3,0.15,0.3,0.0,0.15,0.1,0.0,8.9001,0.3605,2601.9,Nb-Ta-V-Mo-Ti,272.91430348281847,0.18257418583505536
0.3,0.15,0.3,0.05,0.05,0.1,0.05,9.1921,0.354,2606.05,Nb-Ta-V-Cr-Mo-Ti-W,336.45797711253863,0.15275252316519466
0.3,0.15,0.3,0.05,0.1,0.05,0.05,9.4808,0.3535,2653.8,Nb-Ta-V-Cr-Mo-Ti-W,416.0566123993099,0.15275252316519466
0.3,0.15,0.3,0.05,0.15,0.05,0.0,9.0323,0.355,2613.8500000000004,Nb-Ta-V-Cr-Mo-Ti,392.4274546588252,0.18257418583505536
0.3,0.15,0.3,0.1,0.05,0.05,0.05,9.3243,0.3485,2618.0,Nb-Ta-V-Cr-Mo-Ti-W,450.9813656137718,0.16832508230603463
0.3,0.15,0.3,0.1,0.1,0.05,0.0,8.875800000000002,0.35,2578.05,Nb-Ta-V-Cr-Mo-Ti,423.2307767504858,0.18257418583505536
0.3,0.15,0.35,0.0,0.05,0.1,0.05,9.1401,0.362,2606.2,Nb-Ta-V-Mo-Ti-W,268.421660742999,0.19148542155126763
0.3,0.15,0.35,0.0,0.1,0.05,0.05,9.4288,0.3615,2653.95,Nb-Ta-V-Mo-Ti-W,337.1678596909638,0.19148542155126763
0.3,0.15,0.35,0.05,0.05,0.05,0.05,9.2723,0.3565,2618.15,Nb-Ta-V-Cr-Mo-Ti-W,377.2502057719083,0.19148542155126763
0.3,0.2,0.1,0.1,0.15,0.15,0.0,9.4529,0.3405,2644.8500000000004,Nb-Ta-V-Cr-Mo-Ti,359.2320368430109,0.19578900207451216
0.3,0.2,0.15,0.0,0.15,0.2,0.0,9.2687,0.354,2633.05,Nb-Ta-V-Mo-Ti,153.19777749720143,0.19148542155126763
0.3,0.2,0.15,0.05,0.1,0.2,0.0,9.1122,0.349,2597.25,Nb-Ta-V-Cr-Mo-Ti,217.00806028554425,0.17795130420052185
0.3,0.2,0.15,0.05,0.15,0.15,0.0,9.4009,0.3485,2645.0,Nb-Ta-V-Cr-Mo-Ti,280.9022249957804,0.1632993161855452
0.3,0.2,0.15,0.1,0.0,0.2,0.05,9.4042,0.3425,2601.4,Nb-Ta-V-Cr-Ti-W,276.63968844258744,0.19148542155126763
0.3,0.2,0.15,0.1,0.1,0.15,0.0,9.2444,0.3435,2609.2,Nb-Ta-V-Cr-Mo-Ti,336.7116773130047,0.1632993161855452
0.3,0.2,0.15,0.15,0.05,0.15,0.0,9.0879,0.3385,2573.4,Nb-Ta-V-Cr-Mo-Ti,369.8038922667679,0.19148542155126763
0.3,0.2,0.15,0.15,0.1,0.1,0.0,9.3766,0.3379999999999999,2621.15,Nb-Ta-V-Cr-Mo-Ti,464.4322920449089,0.17795130420052185
0.3,0.2,0.2,0.0,0.1,0.2,0.0,9.060200000000002,0.357,2597.4,Nb-Ta-V-Mo-Ti,155.78406473251962,0.17320508075688773
0.3,0.2,0.2,0.0,0.15,0.15,0.0,9.3489,0.3565,2645.15,Nb-Ta-V-Mo-Ti,207.1094729714464,0.15811388300841897
0.3,0.2,0.2,0.05,0.0,0.2,0.05,9.3522,0.3505,2601.55,Nb-Ta-V-Cr-Ti-W,215.5428632832083,0.17320508075688773
0.3,0.2,0.2,0.05,0.1,0.15,0.0,9.1924,0.3515,2609.35,Nb-Ta-V-Cr-Mo-Ti,266.9141255040029,0.1414213562373095
0.3,0.2,0.2,0.05,0.15,0.1,0.0,9.4811,0.351,2657.1,Nb-Ta-V-Cr-Mo-Ti,338.2660895124626,0.1414213562373095
0.3,0.2,0.2,0.1,0.0,0.15,0.05,9.4844,0.345,2613.5,Nb-Ta-V-Cr-Ti-W,325.1132792248813,0.15811388300841897
0.3,0.2,0.2,0.1,0.05,0.15,0.0,9.035900000000002,0.3465,2573.55,Nb-Ta-V-Cr-Mo-Ti,304.4044629316304,0.15811388300841897
0.3,0.2,0.2,0.1,0.1,0.1,0.0,9.3246,0.346,2621.3,Nb-Ta-V-Cr-Mo-Ti,388.32121850340826,0.1414213562373095
0.3,0.2,0.2,0.15,0.05,0.1,0.0,9.1681,0.341,2585.5,Nb-Ta-V-Cr-Mo-Ti,415.755181444608,0.17320508075688773
0.3,0.2,0.2,0.15,0.1,0.05,0.0,9.4568,0.3404999999999999,2633.25,Nb-Ta-V-Cr-Mo-Ti,515.2466211643145,0.17320508075688773
0.3,0.2,0.25,0.0,0.0,0.2,0.05,9.3002,0.3585,2601.7,Nb-Ta-V-Ti-W,159.26947034177948,0.18257418583505536
0.3,0.2,0.25,0.0,0.1,0.15,0.0,9.1404,0.3595,2609.5,Nb-Ta-V-Mo-Ti,201.62172211131283,0.15275252316519466
0.3,0.2,0.25,0.0,0.15,0.1,0.0,9.4291,0.359,2657.25,Nb-Ta-V-Mo-Ti,260.9704626736525,0.15275252316519466
0.3,0.2,0.25,0.05,0.0,0.15,0.05,9.4324,0.353,2613.65,Nb-Ta-V-Cr-Ti-W,260.5658497157091,0.15275252316519466
0.3,0.2,0.25,0.05,0.05,0.15,0.0,8.9839,0.3545,2573.7,Nb-Ta-V-Cr-Mo-Ti,242.8444013453394,0.15275252316519466
0.3,0.2,0.25,0.05,0.1,0.1,0.0,9.2726,0.354,2621.45,Nb-Ta-V-Cr-Mo-Ti,315.5993598627172,0.13540064007726602
0.3,0.2,0.25,0.1,0.05,0.1,0.0,9.1161,0.349,2585.65,Nb-Ta-V-Cr-Mo-Ti,347.7467954878502,0.15275252316519466
0.3,0.2,0.25,0.1,0.1,0.05,0.0,9.404800000000002,0.3485,2633.4,Nb-Ta-V-Cr-Mo-Ti,437.01120411516337,0.15275252316519466
0.3,0.2,0.25,0.15,0.05,0.05,0.0,9.2483,0.3435,2597.6,Nb-Ta-V-Cr-Mo-Ti,458.2694268002559,0.18257418583505536
0.3,0.2,0.3,0.0,0.0,0.15,0.05,9.380400000000002,0.361,2613.8,Nb-Ta-V-Ti-W,200.433279369202,0.17795130420052185
0.3,0.2,0.3,0.0,0.05,0.15,0.0,8.9319,0.3625,2573.85,Nb-Ta-V-Mo-Ti,185.79846408557083,0.17795130420052185
0.3,0.2,0.3,0.0,0.1,0.1,0.0,9.2206,0.362,2621.6,Nb-Ta-V-Mo-Ti,246.98241134834151,0.1632993161855452
0.3,0.2,0.3,0.05,0.05,0.1,0.0,9.0641,0.357,2585.8,Nb-Ta-V-Cr-Mo-Ti,283.3168300788603,0.1632993161855452
0.3,0.2,0.3,0.05,0.1,0.05,0.0,9.3528,0.3565,2633.55,Nb-Ta-V-Cr-Mo-Ti,361.90337707281327,0.1632993161855452
0.3,0.2,0.3,0.1,0.05,0.05,0.0,9.1963,0.3515,2597.75,Nb-Ta-V-Cr-Mo-Ti,388.1111180810908,0.17795130420052185
0.3,0.2,0.3,0.1,0.1,0.0,0.0,9.485,0.351,2645.5,Nb-Ta-V-Cr-Mo,481.78664686713006,0.19148542155126763
0.3,0.2,0.35,0.0,0.0,0.1,0.05,9.4606,0.3635,2625.9,Nb-Ta-V-Ti-W,240.85733160357333,0.19999999999999998
0.3,0.2,0.35,0.0,0.05,0.1,0.0,9.0121,0.365,2585.95,Nb-Ta-V-Mo-Ti,223.0981862003282,0.19999999999999998
0.3,0.2,0.35,0.0,0.1,0.05,0.0,9.3008,0.3645,2633.7,Nb-Ta-V-Mo-Ti,290.58570411816453,0.19999999999999998
0.3,0.2,0.35,0.05,0.05,0.05,0.0,9.1443,0.3595,2597.9,Nb-Ta-V-Cr-Mo-Ti,321.311399212534,0.19999999999999998
0.3,0.25,0.15,0.05,0.05,0.2,0.0,9.4327,0.3505,2616.95,Nb-Ta-V-Cr-Mo-Ti,186.78251690545616,0.18708286933869708
0.3,0.25,0.2,0.0,0.05,0.2,0.0,9.3807,0.3585,2617.1000000000004,Nb-Ta-V-Mo-Ti,131.75257122626888,0.18257418583505536
0.3,0.25,0.2,0.05,0.0,0.2,0.0,9.2242,0.3535,2581.3,Nb-Ta-V-Cr-Ti,170.0420021456182,0.1957890020745122
0.3,0.25,0.2,0.1,0.0,0.15,0.0,9.3564,0.348,2593.25,Nb-Ta-V-Cr-Ti,266.22441786965953,0.18257418583505536
0.3,0.25,0.2,0.15,0.0,0.1,0.0,9.4886,0.3425,2605.2,Nb-Ta-V-Cr-Ti,372.2765161442384,0.19578900207451216
0.3,0.25,0.25,0.0,0.05,0.15,0.0,9.4609,0.361,2629.2,Nb-Ta-V-Mo-Ti,174.91252281439648,0.1632993161855452
0.3,0.25,0.25,0.05,0.0,0.15,0.0,9.3044,0.356,2593.4,Nb-Ta-V-Cr-Ti,209.93134130022537,0.17795130420052185
0.3,0.25,0.25,0.1,0.0,0.1,0.0,9.4366,0.3505,2605.35,Nb-Ta-V-Cr-Ti,308.78909388093376,0.17795130420052185
0.3,0.25,0.3,0.0,0.0,0.15,0.0,9.252400000000002,0.364,2593.55,Nb-Ta-V-Ti,158.40765810511948,0.19999999999999998
0.3,0.25,0.3,0.05,0.0,0.1,0.0,9.3846,0.3585,2605.5,Nb-Ta-V-Cr-Ti,249.17834701457912,0.18708286933869706
0.35,0.1,0.2,0.05,0.05,0.15,0.1,9.3629,0.35,2642.55,Nb-Ta-V-Cr-Mo-Ti-W,312.33736504425434,0.19148542155126763
0.35,0.1,0.2,0.05,0.1,0.15,0.05,8.9144,0.3515,2602.6,Nb-Ta-V-Cr-Mo-Ti-W,294.85925099304905,0.19148542155126763
0.35,0.1,0.2,0.05,0.15,0.1,0.05,9.2031,0.351,2650.35,Nb-Ta-V-Cr-Mo-Ti-W,365.59937085447024,0.19148542155126763
0.35,0.1,0.2,0.1,0.05,0.1,0.1,9.4951,0.3445,2654.5,Nb-Ta-V-Cr-Mo-Ti-W,445.07608816697,0.19148542155126763
0.35,0.1,0.2,0.1,0.1,0.1,0.05,9.0466,0.346,2614.55,Nb-Ta-V-Cr-Mo-Ti-W,421.2319187190539,0.19148542155126763
0.35,0.1,0.25,0.0,0.05,0.15,0.1,9.3109,0.358,2642.7,Nb-Ta-V-Mo-Ti-W,238.4368508813867,0.19999999999999998
0.35,0.1,0.25,0.0,0.1,0.15,0.05,8.862400000000001,0.3595,2602.75,Nb-Ta-V-Mo-Ti-W,224.25886788274008,0.19999999999999998
0.35,0.1,0.25,0.0,0.15,0.1,0.05,9.1511,0.359,2650.4999999999995,Nb-Ta-V-Mo-Ti-W,283.2526842609797,0.19999999999999998
0.35,0.1,0.25,0.05,0.05,0.1,0.1,9.4431,0.3525,2654.65,Nb-Ta-V-Cr-Mo-Ti-W,364.5775632082809,0.18708286933869706
0.35,0.1,0.25,0.05,0.1,0.1,0.05,8.9946,0.354,2614.7,Nb-Ta-V-Cr-Mo-Ti-W,343.88405260356984,0.18708286933869706
0.35,0.1,0.25,0.05,0.15,0.05,0.05,9.2833,0.3535,2662.45,Nb-Ta-V-Cr-Mo-Ti-W,420.39917492127967,0.19999999999999998
0.35,0.1,0.25,0.1,0.05,0.1,0.05,8.8381,0.349,2578.9,Nb-Ta-V-Cr-Mo-Ti-W,381.02895260936873,0.2
0.35,0.1,0.25,0.1,0.1,0.05,0.05,9.1268,0.3485,2626.65,Nb-Ta-V-Cr-Mo-Ti-W,468.9727015200007,0.2
0.35,0.15,0.15,0.05,0.1,0.15,0.05,9.4434,0.35,2657.95,Nb-Ta-V-Cr-Mo-Ti-W,278.60883043630577,0.17795130420052185
0.35,0.15,0.15,0.1,0.05,0.15,0.05,9.2869,0.345,2622.15,Nb-Ta-V-Cr-Mo-Ti-W,334.58254604508903,0.19148542155126763
0.35,0.15,0.2,0.0,0.05,0.2,0.05,9.1027,0.3585,2610.3500000000004,Nb-Ta-V-Mo-Ti-W,153.8749913694611,0.2
0.35,0.15,0.2,0.0,0.1,0.15,0.05,9.3914,0.358,2658.1,Nb-Ta-V-Mo-Ti-W,204.80552403918355,0.1732050807568877
0.35,0.15,0.2,0.0,0.15,0.15,0.0,8.9429,0.3595,2618.15,Nb-Ta-V-Mo-Ti,193.04206990956865,0.19999999999999998
0.35,0.15,0.2,0.05,0.05,0.15,0.05,9.2349,0.353,2622.3,Nb-Ta-V-Cr-Mo-Ti-W,264.69545296656906,0.1732050807568877
0.35,0.15,0.2,0.05,0.1,0.15,0.0,8.7864,0.3545,2582.35,Nb-Ta-V-Cr-Mo-Ti,247.99055089233136,0.18708286933869703
0.35,0.15,0.2,0.05,0.15,0.1,0.0,9.0751,0.354,2630.1,Nb-Ta-V-Cr-Mo-Ti,317.2517621575709,0.18708286933869703
0.35,0.15,0.2,0.1,0.0,0.15,0.05,9.0784,0.348,2586.5,Nb-Ta-V-Cr-Ti-W,302.2255694264628,0.19999999999999998
0.35,0.15,0.2,0.1,0.05,0.1,0.05,9.3671,0.3475,2634.25,Nb-Ta-V-Cr-Mo-Ti-W,385.8679672726213,0.17320508075688773
0.35,0.15,0.2,0.1,0.1,0.1,0.0,8.918600000000001,0.349,2594.3,Nb-Ta-V-Cr-Mo-Ti,362.7406664147627,0.18708286933869706
0.35,0.15,0.2,0.1,0.15,0.05,0.0,9.2073,0.3485,2642.05,Nb-Ta-V-Cr-Mo-Ti,449.3768259008466,0.19999999999999998
0.35,0.15,0.2,0.15,0.05,0.05,0.05,9.499300000000002,0.3419999999999999,2646.2,Nb-Ta-V-Cr-Mo-Ti-W,512.6477952877634,0.19999999999999998
0.35,0.15,0.25,0.0,0.05,0.15,0.05,9.1829,0.361,2622.45,Nb-Ta-V-Mo-Ti-W,199.4167897962415,0.18257418583505536
0.35,0.15,0.25,0.0,0.1,0.1,0.05,9.4716,0.3605,2670.2,Nb-Ta-V-Mo-Ti-W,258.4377695536261,0.16832508230603463
0.35,0.15,0.25,0.0,0.1,0.15,0.0,8.7344,0.3624999999999999,2582.5,Nb-Ta-V-Mo-Ti,185.953326395832,0.19578900207451216
0.35,0.15,0.25,0.0,0.15,0.1,0.0,9.0231,0.362,2630.25,Nb-Ta-V-Mo-Ti,243.30908354085992,0.19578900207451216
0.35,0.15,0.25,0.05,0.0,0.15,0.05,9.0264,0.356,2586.65,Nb-Ta-V-Cr-Ti-W,240.61050197761705,0.19578900207451216
0.35,0.15,0.25,0.05,0.05,0.1,0.05,9.3151,0.3554999999999999,2634.4,Nb-Ta-V-Cr-Mo-Ti-W,313.0481918928107,0.16832508230603463
0.35,0.15,0.25,0.05,0.1,0.1,0.0,8.8666,0.357,2594.45,Nb-Ta-V-Cr-Mo-Ti,293.0526340721527,0.18257418583505536
0.35,0.15,0.25,0.05,0.15,0.05,0.0,9.1553,0.3565,2642.2,Nb-Ta-V-Cr-Mo-Ti,368.74831447469217,0.19578900207451216
0.35,0.15,0.25,0.1,0.0,0.1,0.05,9.1586,0.3505,2598.6,Nb-Ta-V-Cr-Ti-W,345.1187707795132,0.19578900207451216
0.35,0.15,0.25,0.1,0.05,0.05,0.05,9.4473,0.35,2646.35,Nb-Ta-V-Cr-Mo-Ti-W,434.20213912123006,0.18257418583505536
0.35,0.15,0.25,0.1,0.1,0.05,0.0,8.9988,0.3515,2606.4,Nb-Ta-V-Cr-Mo-Ti,407.79760406899896,0.19578900207451216
0.35,0.15,0.3,0.0,0.05,0.1,0.05,9.2631,0.3635,2634.55,Nb-Ta-V-Mo-Ti-W,244.43793915253443,0.1914854215512676
0.35,0.15,0.3,0.05,0.05,0.05,0.05,9.3953,0.358,2646.5,Nb-Ta-V-Cr-Mo-Ti-W,358.984397844739,0.1914854215512676
0.35,0.2,0.15,0.0,0.15,0.15,0.0,9.4719,0.358,2673.5,Nb-Ta-V-Mo-Ti,165.24114749368724,0.19999999999999998
0.35,0.2,0.15,0.05,0.1,0.15,0.0,9.3154,0.353,2637.7,Nb-Ta-V-Cr-Mo-Ti,232.96119572902825,0.18708286933869703
0.35,0.2,0.15,0.1,0.05,0.15,0.0,9.1589,0.348,2601.9,Nb-Ta-V-Cr-Mo-Ti,278.04417714862166,0.19999999999999998
0.35,0.2,0.15,0.1,0.1,0.1,0.0,9.4476,0.3475,2649.65,Nb-Ta-V-Cr-Mo-Ti,358.2806959634287,0.18708286933869706
0.35,0.2,0.2,0.0,0.1,0.15,0.0,9.2634,0.361,2637.85,Nb-Ta-V-Mo-Ti,168.40596764505128,0.18257418583505536
0.35,0.2,0.2,0.05,0.05,0.15,0.0,9.1069,0.356,2602.05,Nb-Ta-V-Cr-Mo-Ti,216.65438625015344,0.18257418583505536
0.35,0.2,0.2,0.05,0.1,0.1,0.0,9.395600000000002,0.3555,2649.8,Nb-Ta-V-Cr-Mo-Ti,285.1246080987616,0.1683250823060346
0.35,0.2,0.2,0.1,0.05,0.1,0.0,9.2391,0.3505,2614.0,Nb-Ta-V-Cr-Mo-Ti,325.02420436559146,0.18257418583505536
0.35,0.2,0.25,0.0,0.05,0.15,0.0,9.0549,0.364,2602.2,Nb-Ta-V-Mo-Ti,160.2679766257387,0.19148542155126763
0.35,0.2,0.25,0.0,0.1,0.1,0.0,9.3436,0.3634999999999999,2649.95,Nb-Ta-V-Mo-Ti,216.56186008301063,0.17795130420052185
0.35,0.2,0.25,0.05,0.05,0.1,0.0,9.1871,0.3585,2614.15,Nb-Ta-V-Cr-Mo-Ti,260.2511541871182,0.17795130420052185
0.35,0.2,0.25,0.05,0.1,0.05,0.0,9.4758,0.358,2661.9,Nb-Ta-V-Cr-Mo-Ti,335.8253528786891,0.17795130420052185
0.35,0.2,0.25,0.1,0.05,0.05,0.0,9.3193,0.353,2626.1,Nb-Ta-V-Cr-Mo-Ti,369.8126429180461,0.19148542155126763
0.35,0.2,0.3,0.0,0.05,0.1,0.0,9.1351,0.3664999999999999,2614.3,Nb-Ta-V-Mo-Ti,200.10974007801696,0.19999999999999998
0.35,0.2,0.3,0.0,0.1,0.05,0.0,9.4238,0.366,2662.05,Nb-Ta-V-Mo-Ti,263.9769397450542,0.19999999999999998
0.35,0.2,0.3,0.05,0.05,0.05,0.0,9.2673,0.361,2626.25,Nb-Ta-V-Cr-Mo-Ti,302.1830055213581,0.19999999999999998
